private	Could we have a private chat?	我们能单独聊聊吗？
conversation	We had a long conversation about work.	我们聊了很久工作上的事。
theatre	Shall we meet outside the theatre?	我们在剧院外面碰面好吗？
seat	Is this seat taken?	这个座位有人吗？
angry	Are you still angry with me?	你还在生我的气吗？
attention	Pay attention to the road.	注意看路。
angrily	He put the phone down angrily.	他生气地挂断了电话。
bear	I can't bear this noise.	我受不了这噪声。
business	That's none of my business.	那不关我的事。
rudely	She spoke rather rudely to the waiter.	她跟服务员说话挺没礼貌的。
play	We're going to see a play tonight.	我们今晚要去看一出戏。
loudly	Please don't talk so loudly.	请别这么大声说话。
until	I'll wait here until six.	我会在这里等到六点。
outside	It's cold outside.	外面很冷。
ring	Did you hear the doorbell ring?	你听到门铃响了吗？
aunt	My aunt is coming for lunch.	我姑妈要来吃午饭。
repeat	Could you repeat the address?	你能再说一遍地址吗？
send	Could you send me the address?	你能把地址发给我吗？
postcard	I sent Mum a postcard from Rome.	我从罗马给妈妈寄了张明信片。
spoil	Don't spoil the surprise!	别把惊喜提前说出来！
museum	The museum is closed on Mondays.	博物馆每周一闭馆。
public	Is there a public toilet nearby?	附近有公共厕所吗？
friendly	Your neighbours seem really friendly.	你的邻居看起来很友好。
waiter	Let's ask the waiter for the bill.	我们叫服务员拿账单吧。
lend	Could you lend me a pen?	你能借我一支笔吗？
decision	It's a big decision, so take your time.	这是个重要决定，慢慢考虑。
whole	I've been waiting the whole morning.	我等了一整个上午。
single	There wasn't a single seat left.	一个座位也没剩下。
decide	Have you had time to decide?	你有时间考虑好了吗？
exciting	Starting a new job is exciting.	开始一份新工作很令人兴奋。
receive	Did you receive my message?	你收到我的消息了吗？
firm	She works for a small law firm.	她在一家小律师事务所工作。
different	Could I try a different size?	我能试试另一个尺码吗？
centre	How far is the town centre?	市中心有多远？
abroad	Have you ever worked abroad?	你在国外工作过吗？
pigeon	There's a pigeon on the balcony.	阳台上有一只鸽子。
message	Could you leave him a message for me?	你能帮我给他留个口信吗？
cover	We can cover that distance in an hour.	我们一个小时就能走完那段路。
distance	What's the distance between the two towns?	这两个城镇相距多远？
request	I've sent a request for a refund.	我已经提交退款申请了。
spare part	We need to order a spare part.	我们需要订购一个备件。
service	Is service included in the bill?	账单包含服务费吗？
beggar	A beggar was sitting outside the station.	车站外坐着一个乞丐。
food	The food here is really good.	这里的食物真不错。
pocket	There's a hole in my pocket.	我的口袋破了个洞。
call	I'll call at your house after work.	我下班后去你家拜访。
detective	The detective asked me a few questions.	那位侦探问了我几个问题。
airport	What time should we leave for the airport?	我们几点该出发去机场？
expect	What time do you expect to arrive?	你预计几点到？
valuable	Don't leave anything valuable in the car.	别把贵重物品留在车里。
parcel	Has my parcel arrived yet?	我的包裹到了吗？
diamond	Is that a real diamond?	那是真钻石吗？
steal	Why would anyone steal an old bicycle?	谁会去偷一辆旧自行车呢？
main	The main entrance is on the other side.	正门在另一边。
airfield	There's a small airfield near the village.	村庄附近有一个小型机场。
guard	The guard checked our tickets.	门卫检查了我们的票。
precious	This photo is very precious to me.	这张照片对我来说非常珍贵。
stone	I've got a stone in my shoe.	我的鞋里进了颗小石子。
sand	There's sand all over the floor.	地板上到处都是沙子。
competition	Are you entering the cooking competition?	你要参加烹饪比赛吗？
neat	Your handwriting is really neat.	你的字写得真工整。
path	Follow this path to the beach.	沿着这条小路就能到海滩。
wooden	I like that wooden table.	我喜欢那张木桌。
pool	Does the hotel have a pool?	酒店有游泳池吗？
welcome	Thanks for the warm welcome.	谢谢你们的热情欢迎。
crowd	I couldn't see her in the crowd.	我在人群里没看见她。
gather	Let's gather outside the main entrance.	我们在正门外集合吧。
hand	The second hand on my watch has stopped.	我手表上的秒针不走了。
shout	You don't need to shout; I can hear you.	你不必喊，我听得见。
refuse	It's hard to refuse free cake.	免费的蛋糕很难拒绝。
laugh	That story always makes me laugh.	那个故事总能逗笑我。
jazz	Do you listen to jazz?	你听爵士乐吗？
musical	Can you play a musical instrument?	你会演奏乐器吗？
instrument	Which instrument would you like to learn?	你想学哪种乐器？
clavichord	Have you ever heard a clavichord?	你听过古钢琴的声音吗？
recently	I moved here recently.	我最近才搬到这里。
damage	Be careful not to damage the floor.	小心别弄坏地板。
key	One key on this piano is stuck.	这架钢琴上有一个琴键卡住了。
string	A string on my guitar broke.	我的吉他断了一根弦。
shock	The ending will shock you.	这个结局会让你震惊。
allow	Do they allow dogs in this café?	这家咖啡馆允许带狗吗？
touch	Please don't touch the paint; it's still wet.	请别碰油漆，还没干。
turn	You did me a good turn today.	你今天帮了我一个忙。
deserve	You deserve a break.	你该休息一下了。
lawyer	I need to speak to a lawyer.	我需要咨询一位律师。
bank	Is the bank open on Saturdays?	银行星期六营业吗？
salary	Does the job offer a good salary?	这份工作的薪水高吗？
immediately	Please call me immediately.	请马上给我打电话。
luck	Good luck with your interview!	祝你面试顺利！
captain	The captain says we'll arrive at noon.	船长说我们中午会到。
sail	What time does the ferry sail?	渡轮几点开？
harbour	Let's walk down to the harbour.	我们走去港口吧。
proud	I'm really proud of you.	我真为你感到骄傲。
important	It's important to ask if you don't understand.	不懂就问，这很重要。
group	Would you like to join our study group?	你想加入我们的学习小组吗？
pop singer	My cousin wants to be a pop singer.	我表妹想当流行歌手。
club	I joined a local running club.	我加入了当地的跑步俱乐部。
performance	Did you enjoy the performance last night?	你喜欢昨晚的演出吗？
occasion	Are you saving that dress for a special occasion?	你留着那条裙子是准备在特殊场合穿吗？
experience	Camping in the rain was quite an experience.	雨中露营真是一次难忘的经历。
wave	Wave to me when you see me.	看到我时向我挥挥手。
lift	Could you give me a lift home?	你能让我搭车回家吗？
reply	I'll reply to your email tonight.	我今晚会回复你的邮件。
language	What language do you speak at home?	你在家说什么语言？
journey	How was your journey?	你一路上还顺利吗？
amusing	I found his story quite amusing.	我觉得他的故事挺好笑的。
secretary	Please leave a message with my secretary.	请给我的秘书留个口信。
nervous	I'm nervous about the interview.	我为面试感到紧张。
afford	I can't afford a new car this year.	我今年买不起新车。
weak	My legs feel weak after that long climb.	爬了那么久的山，我的腿都发软了。
interrupt	Sorry to interrupt, but your taxi is here.	抱歉打断一下，你的出租车到了。
park	Can I park here?	我能在这里停车吗？
traffic	The traffic is terrible this morning.	今天早上的交通堵得厉害。
ticket	I got a parking ticket yesterday.	我昨天收到了一张违章停车罚单。
note	I've left you a note on the fridge.	我在冰箱上给你留了张便条。
area	Do you know this area well?	你熟悉这一带吗？
sign	The sign says the shop is closed today.	牌子上写着商店今天不营业。
reminder	Thanks for the reminder.	谢谢你提醒我。
fail	Don't fail to let me know if you're late.	如果你要迟到，可别忘了告诉我。
obey	We all have to obey the rules.	我们都得遵守规则。
polite	It was polite of him to ask first.	他先问了一声，很有礼貌。
appear	She's going to appear in a new play.	她将出演一部新戏。
stage	Can you see the stage from here?	你从这里能看到舞台吗？
bright	That bright yellow coat really suits you.	那件鲜黄色外套真适合你。
stocking	There's a hole in this stocking.	这只长筒袜上有个洞。
sock	Have you seen my other sock?	你看到我的另一只短袜了吗？
pub	Let's meet at the pub after work.	我们下班后在酒吧见吧。
landlord	The landlord of the pub knows everyone here.	这家酒吧的老板认识这里所有的人。
bill	Could we have the bill, please?	请给我们账单，好吗？
hurry	There's no need to hurry.	不用着急。
ticket office	Where's the ticket office?	售票处在哪里？
pity	It's a pity you can't come with us.	真遗憾，你不能和我们一起去。
exclaim	The surprise made her exclaim in delight.	这个惊喜让她高兴地叫了出来。
return	Can I return this shirt without a receipt?	没有收据，我能退这件衬衫吗？
sadly	She smiled sadly and walked away.	她伤心地笑了笑，走开了。
fisherman	We bought fresh fish from a local fisherman.	我们从当地渔民那里买了新鲜的鱼。
boot	My left boot is leaking.	我左脚的靴子漏水了。
waste	Throwing all this food away is such a waste.	把这些食物全扔掉太浪费了。
realize	I didn't realize you were waiting for me.	我没意识到你在等我。
catch	Did you catch any fish?	你钓到鱼了吗？
mad	That noise is driving me mad.	那噪声快把我逼疯了。
reason	Is there a reason why the appointment was cancelled?	预约取消有什么原因吗？
sum	That's a large sum of money.	那是一大笔钱。
determined	She's determined to finish the course.	她下定决心要完成这门课程。
dream	I often dream about travelling around New Zealand.	我经常梦想环游新西兰。
age	We're about the same age.	我们年龄差不多。
channel	This channel separates the two islands.	这条海峡把两座岛分开了。
throw	Please don't throw batteries in the general waste bin.	请不要把电池扔进普通垃圾桶。
complete	Please complete the form before Friday.	请在星期五之前填完表格。
modern	The kitchen is small but modern.	厨房虽小，但很现代。
strange	There's a strange smell coming from the fridge.	冰箱里传出一股怪味。
district	Which district do you live in?	你住在哪个区？
manager	I'll ask the manager if we can change it.	我去问问经理能不能换。
upset	You seem upset. What's wrong?	你看起来心烦意乱，怎么了？
sympathetic	My boss was very sympathetic when I explained.	我解释后，老板很体谅我。
complain	I'd like to complain about the noise.	我想投诉噪声问题。
wicked	The story has a wicked queen.	故事里有个邪恶的王后。
contain	Does this sauce contain nuts?	这种酱汁含坚果吗？
honesty	I appreciate your honesty.	我感谢你的坦诚。
railway	The railway runs behind our house.	铁路从我们房子后面经过。
porter	The porter helped us with our bags.	搬运工帮我们拿了行李。
foreigner	As a foreigner, I had to apply for a visa.	作为外国人，我必须申请签证。
wonder	I wonder if the shop is still open.	不知道那家商店还开不开门。
several	I've tried several, but none fit.	我试过好几个，但都不合适。
quantifier	Is "some" a quantifier?	“some”是数量词吗？
art	We went to an art gallery yesterday.	我们昨天去了一家美术馆。
critic	The film critic gave it a great review.	那位影评人给了这部电影很高的评价。
paint	I'd love to learn to paint portraits.	我很想学画肖像。
pretend	Don't pretend you didn't hear me.	别假装没听见我说话。
pattern	I love the pattern on those curtains.	我很喜欢那些窗帘上的图案。
curtain	Could you pull the curtain across?	你能把窗帘拉上吗？
material	What material is this jacket made of?	这件夹克是什么材料做的？
appreciate	You don't have to be an expert to appreciate art.	你不必是专家也能欣赏艺术。
notice	Did you notice the new curtains?	你注意到新窗帘了吗？
whether	I don't know whether he's coming.	我不知道他来不来。
hang	You can hang your coat here.	你可以把外套挂在这里。
critically	She looked critically at my painting.	她用挑剔的眼光看着我的画。
upside down	You're holding the map upside down.	你把地图拿倒了。
upside	The upside is that we can walk to work.	好处是我们可以走路上班。
tent	Can you help me put up the tent?	你能帮我搭帐篷吗？
field	There's a field of sheep behind the house.	房子后面有一片养着羊的田地。
smell	These flowers smell lovely.	这些花闻起来真香。
wonderful	We had a wonderful time.	我们玩得非常开心。
campfire	We sat around the campfire after dinner.	晚饭后，我们围坐在篝火旁。
creep	Try to creep past without waking the baby.	尽量悄悄走过去，别吵醒宝宝。
sleeping bag	Is your sleeping bag warm enough?	你的睡袋够暖和吗？
comfortable	Make yourself comfortable.	请随意，坐舒服些。
soundly	I slept soundly after the long walk.	走了那么远的路后，我睡得很沉。
leap	Can you leap over that puddle?	你能跳过那个水坑吗？
heavily	It was raining heavily when we left.	我们离开时雨下得很大。
stream	There's a little stream behind the campsite.	露营地后面有一条小溪。
form	Ice can form on the road overnight.	路面可能在夜间结冰。
wind	The narrow roads wind through the hills.	狭窄的道路蜿蜒穿过山间。
right	The bus stop is right outside.	公交车站就在外面。
rare	It's rare to see snow here.	这里很少下雪。
ancient	We visited an ancient temple.	我们参观了一座古老的寺庙。
myth	Have you heard the myth about that mountain?	你听说过关于那座山的神话吗？
trouble	Sorry to cause you so much trouble.	抱歉给你添了这么多麻烦。
effect	The new curtains have a lovely effect.	新窗帘装上去效果很好。
Medusa	Is that a picture of Medusa?	那是美杜莎的画像吗？
Gorgon	In the myth, Medusa is a Gorgon.	在神话中，美杜莎是一位蛇发女怪。
taxi	Shall we get a taxi home?	我们打车回家好吗？
Pilatus Porter	That's a Pilatus Porter over there.	那边是一架皮拉图斯波特飞机。
land	What time does your flight land?	你的航班几点降落？
plough	They plough this field every spring.	他们每年春天都犁这块田。
lonely	We stayed in a lonely cottage in the hills.	我们住在山间一座偏僻的小屋里。
Welsh	My neighbour has a Welsh accent.	我的邻居带有威尔士口音。
roof	The roof needs repairing.	屋顶需要修理了。
block	She lives in that block of flats.	她住在那栋公寓楼里。
flat	We're looking for a flat near the station.	我们在找车站附近的公寓。
desert	People began to desert the village after the factory closed.	工厂关闭后，人们开始离开那个村庄。
polo	Have you ever played water polo?	你打过水球吗？
Wayle	The story takes place by the River Wayle.	这个故事发生在威尔河边。
cut	Let's cut across the park.	我们抄近路穿过公园吧。
row	Can you row us back to the shore?	你能划船把我们送回岸边吗？
kick	Don't kick the ball towards the road.	别把球踢向马路。
towards	She walked towards the station.	她朝车站走去。
nearly	It's nearly six, so the shop may be closed.	快六点了，商店可能关门了。
sight	Keep the children in sight.	别让孩子们离开你的视线。
retire	My supervisor plans to retire next year.	我的主管打算明年退休。
company	How long have you been with this company?	你在这家公司工作多久了？
bicycle	Can I borrow your bicycle?	我能借你的自行车吗？
save	I'm trying to save enough for a deposit.	我正努力攒够押金。
workshop	The tools are in the workshop.	工具在车间里。
helper	We need one more helper in the kitchen.	厨房里还需要一个帮手。
employ	How many people does the shop employ?	这家店雇了多少人？
grandson	Her grandson starts school next week.	她的孙子下周开始上学。
success	The party was a big success.	聚会办得非常成功。
work	What time do you finish work?	你几点下班？
once	I once lived above a bakery.	我曾经住在一家面包店楼上。
temptation	I couldn't resist the temptation to buy another cake.	我忍不住又买了一个蛋糕。
article	Each article in the shop has a price tag.	店里的每件物品都贴着价签。
wrap	Could you wrap this as a gift?	你能帮我把这个包装成礼物吗？
simply	I wasn't angry; I was simply tired.	我没生气，只是累了。
arrest	Did the police arrest anyone?	警方逮捕了什么人吗？
darkness	We couldn't see anything in the darkness.	黑暗中，我们什么也看不见。
explain	Could you explain how this works?	你能解释一下这是怎么用的吗？
coast	We're spending the weekend on the coast.	我们要去海边过周末。
storm	The storm kept me awake all night.	暴风雨让我一整晚没睡。
rock	Watch out for that rock.	小心那块岩石。
shore	Let's stay close to the shore.	我们别离岸太远。
light	Could you turn on the light?	你能把灯打开吗？
ahead	There's a petrol station just ahead.	前面不远就有一家加油站。
cliff	Don't stand so close to the cliff edge.	别站得离悬崖边那么近。
struggle	I struggle to stay awake after lunch.	午饭后，我很难保持清醒。
hospital	Which hospital does your sister work at?	你姐姐在哪家医院工作？
station	We reported it at the police station.	我们去警察局报案了。
most	That was most kind of you.	你真是太好了。
while	I haven't seen you for a while.	我有一阵子没见到你了。
regret	I regret selling my old guitar.	我后悔卖掉了旧吉他。
far	This jacket is far too expensive.	这件夹克实在太贵了。
rush	Don't rush across the road.	不要冲过马路。
act	We need to act quickly.	我们需要迅速采取行动。
straight	Go straight home after school.	放学后直接回家。
fright	You gave me a fright!	你吓了我一跳！
battered	He arrived in a battered old van.	他开着一辆破旧的货车来了。
shortly	Your food will be ready shortly.	你的饭菜很快就好。
afterwards	Shall we get a coffee afterwards?	之后我们喝杯咖啡好吗？
record	Keep a record of what you spend.	把你的花销记下来。
strong	You need to be strong to carry that.	你得有力气才搬得动那个。
swimmer	I'm not a very good swimmer.	我游泳不太好。
succeed	You'll need practice if you want to succeed.	想成功，你就需要练习。
train	Where do you train for the race?	你在哪里为比赛训练？
anxiously	She waited anxiously for the results.	她焦急地等待结果。
intend	How long do you intend to stay?	你打算待多久？
solid	This table is made of solid wood.	这张桌子是实木做的。
Olympic	Did you watch the Olympic swimming final?	你看了奥运会游泳决赛吗？
hold	Can we hold the meeting online?	我们能在线上开会吗？
government	Is this a government website?	这是政府的网站吗？
immense	Finishing the project was an immense relief.	项目完成让我大大松了一口气。
stadium	The stadium is next to the station.	体育场就在车站旁边。
standard	The work isn't up to the required standard.	这项工作没有达到要求的标准。
capital	What's the capital of New Zealand?	新西兰的首都是哪里？
fantastic	They spent a fantastic amount on that house.	他们在那栋房子上花了一大笔钱。
design	She helped design this room.	她参与了这个房间的设计。
except	The office is open every day except Sunday.	除星期天外，办公室每天都开放。
Mediterranean	We sailed across the Mediterranean last summer.	去年夏天，我们乘船穿越了地中海。
continually	The bus times are continually changing.	公交车时刻总是在变。
bitterly	It's bitterly cold outside.	外面冷得刺骨。
sunshine	Let's sit outside in the sunshine.	我们到外面晒着太阳坐一会儿吧。
settle	It took us a few weeks to settle in.	我们花了几个星期才安顿下来。
though	I'll come, though I can't stay long.	我会来，不过待不了多久。
operation	My aunt is recovering from an operation.	我姑妈正在术后恢复中。
successful	Was your application successful?	你的申请成功了吗？
following	We came back the following day.	我们第二天就回来了。
patient	The doctor is with another patient.	医生正在给另一位病人看病。
alone	Are you alone in the house?	房子里只有你一个人吗？
exchange	The old telephone exchange is now a café.	旧电话交换站现在是一家咖啡馆。
inquire	I'm calling to inquire about the course.	我打电话是想了解一下这门课程。
certain	A certain person keeps borrowing my pen.	某个人老是借我的笔。
caller	The caller didn't leave a name.	来电的人没有留下姓名。
relative	Is she a relative of yours?	她是你的亲戚吗？
hostess	Our hostess made us feel at home.	女主人让我们感到像在自己家一样自在。
unsmiling	The receptionist was polite but unsmiling.	接待员很有礼貌，但没有笑容。
tight	These trousers are a bit tight around the waist.	这条裤子的腰有点紧。
fix	Try to fix your eyes on one point.	试着把目光集中在一个点上。
globe	People watched the match across the globe.	世界各地的人都看了这场比赛。
despair	I nearly gave up in despair.	我绝望得几乎放弃了。
rude	I didn't mean to be rude.	我不是有意无礼的。
mirror	Have a look in the mirror.	照照镜子吧。
hole	There's a hole in your sleeve.	你的袖子上有个洞。
remark	He made a rude remark about my cooking.	他说了一句很无礼的话，嫌我的菜做得不好。
remind	Could you remind me to call Mum?	你能提醒我给妈妈打电话吗？
lighthouse	You can see the lighthouse from here.	从这里可以看到灯塔。
market	Let's buy some fruit at the market.	我们去市场买点水果吧。
snake charmer	We saw a snake charmer at the fair.	我们在集市上看到了耍蛇人。
pipe	He played a tune on a wooden pipe.	他用木管笛吹了一段曲子。
tune	I know the tune, but not the words.	我知道曲调，但不知道歌词。
glimpse	I caught a glimpse of her on the bus.	我在公交车上瞥见了她。
snake	Is that a snake in the grass?	草丛里那是一条蛇吗？
movement	I noticed a movement behind the curtain.	我注意到窗帘后面动了一下。
continue	Shall we continue after lunch?	我们午饭后继续好吗？
dance	Would you like to dance?	你想跳舞吗？
obviously	He's obviously forgotten our meeting.	他显然忘了我们的会面。
difference	What's the difference between these two?	这两个有什么区别？
Indian	There's a good Indian restaurant near here.	这附近有一家不错的印度餐厅。
pole	Have you ever wanted to visit the North Pole?	你有没有想过去北极？
flight	How was your flight?	你这趟飞行还顺利吗？
explorer	The explorer spent months in the mountains.	那位探险家在山里待了几个月。
lie	The villages lie on opposite sides of the river.	这两个村庄位于河的两岸。
serious	Is the damage serious?	损坏严重吗？
point	Let's meet at the same point tomorrow.	我们明天在同一个地点见吧。
seem	You seem much happier today.	你今天看起来开心多了。
crash	Did the plane crash into the sea?	那架飞机坠入海里了吗？
sack	Could you carry this sack of potatoes?	你能搬一下这袋土豆吗？
clear	Do you think the horse can clear that fence?	你觉得那匹马能跳过那道栅栏吗？
aircraft	How many people can this aircraft carry?	这架飞机能载多少人？
endless	The paperwork seems endless.	这些文书工作好像永远做不完。
plain	The town sits on a wide plain.	这个镇子位于一片广阔的平原上。
forest	Let's walk through the forest.	我们穿过森林走走吧。
risk	I don't want to take that risk.	我不想冒那个险。
picnic	Shall we have a picnic by the river?	我们在河边野餐好吗？
edge	Keep your glass away from the edge.	把杯子放得离边缘远一点。
strap	The strap on my bag has broken.	我的包带断了。
possession	This ring is my most treasured possession.	这枚戒指是我最珍爱的物品。
breath	Let me catch my breath.	让我喘口气。
contents	Please check the contents before signing.	签字前请检查里面的物品。
mend	Can you mend this tear in my jacket?	你能补好我夹克上的这个口子吗？
conscience	I had a guilty conscience about lying to her.	我对她撒了谎，心里很内疚。
wallet	I think I've left my wallet at home.	我好像把钱包落在家里了。
savings	We spent our savings on a new kitchen.	我们用积蓄装修了新厨房。
villager	A villager showed us the way.	一位村民给我们指了路。
per cent	The rent has gone up by ten per cent.	房租涨了百分之十。
unload	Can you help me unload the van?	你能帮我卸货车上的东西吗？
extremely	The roads are extremely busy today.	今天路上的车特别多。
occur	When did the problem first occur?	这个问题最早是什么时候出现的？
astonish	Her energy never fails to astonish me.	她的精力总是让我惊叹。
pile	Put those clothes in a pile.	把那些衣服堆在一起。
woollen	You should bring a woollen jumper.	你应该带一件羊毛套衫。
goods	These goods were damaged in transit.	这些货物在运输中损坏了。
discover	How did you discover this café?	你是怎么发现这家咖啡馆的？
admit	I admit I made a mistake.	我承认我犯了一个错误。
confine	It's cruel to confine a dog to a tiny cage.	把狗关在小笼子里很残忍。
normal	Is that noise normal?	那种声音正常吗？
thirsty	I'm thirsty. Could I have some water?	我口渴了，能给我一些水吗？
ghost	Did you really see a ghost?	你真的看到鬼了吗？
haunt	People say ghosts haunt that old house.	人们说那栋老房子闹鬼。
furniture	The flat comes with furniture.	这套公寓配有家具。
whisky	Would you like some whisky?	你想喝点威士忌吗？
suggest	Are you trying to suggest it was my fault?	你是在暗示那是我的错吗？
shake	Please shake the bottle before opening it.	打开之前请摇一摇瓶子。
accept	Do you accept card payments?	你们接受刷卡吗？
pull	They had to pull the old tooth out.	他们不得不拔掉那颗坏牙。
cotton wool	Have you got any cotton wool?	你有药棉吗？
collect	Do you still collect stamps?	你还集邮吗？
collection	You've got a lovely collection of postcards.	你收藏的这些明信片真漂亮。
nod	Just nod if you agree.	如果你同意，点点头就行。
meanwhile	I'll cook dinner. Meanwhile, could you set the table?	我来做饭，这会儿你能摆好餐具吗？
tired	I'm tired of waiting for this bus.	等这辆公交车等得我烦了。
real	Is that a real diamond?	那是真钻石吗？
owner	Do you know the owner of this dog?	你认识这只狗的主人吗？
spring	There's a broken spring in this chair.	这把椅子里有根弹簧坏了。
mattress	This mattress is too soft for me.	这个床垫对我来说太软了。
gust	A sudden gust blew my hat away.	一阵突如其来的风吹走了我的帽子。
sweep	Could you sweep the kitchen floor?	你能扫一下厨房地板吗？
courtyard	We had breakfast in the courtyard.	我们在院子里吃了早餐。
smash	Be careful not to smash that vase.	小心别把那个花瓶摔碎了。
miraculously	Miraculously, nobody was hurt.	奇迹般地，没有人受伤。
unhurt	Luckily, everyone was unhurt.	幸运的是，大家都没受伤。
glance	Could you glance at this email before I send it?	我发这封邮件之前，你能帮我看一眼吗？
promptly	She answered my email promptly.	她很快就回复了我的邮件。
ride	Thanks for the ride home.	谢谢你开车送我回家。
excursion	We went on an excursion to a nearby island.	我们去附近的一座小岛游玩了一趟。
conductor	The conductor came round to check our tickets.	列车员过来检查了我们的票。
view	The view from this window is amazing.	这扇窗外的风景太美了。
reward	There's a reward for finding the missing dog.	找到走失的狗会有酬谢。
virtue	Patience is a virtue, especially with children.	耐心是一种美德，对待孩子尤其如此。
diet	I'm trying to stick to my diet.	我在努力坚持节食。
forbid	The rules forbid smoking inside.	规定禁止在室内吸烟。
hurriedly	He hurriedly packed his bag and left.	他匆忙收拾好包就走了。
embarrass	Please don't embarrass me in front of everyone.	请别让我在大家面前难堪。
guiltily	She smiled guiltily at the empty cake tin.	她看着空蛋糕盒，内疚地笑了笑。
strict	My old school was very strict.	我以前的学校管得很严。
occasionally	We meet for coffee occasionally.	我们偶尔约着喝咖啡。
temporarily	The road is temporarily closed.	这条路暂时封闭了。
inch	Move it an inch to the left.	把它往左移一英寸。
space	Is there enough space for another chair?	还有地方再放一把椅子吗？
actually	I actually quite enjoyed the film.	其实我挺喜欢那部电影的。
hot	The electrician said the wire was still hot.	电工说那根电线还带着电。
fireman	A fireman helped us out of the building.	一名消防员帮助我们撤出了大楼。
cause	Too much noise can cause stress.	过多的噪声会引起压力。
examine	The mechanic needs to examine the engine.	修理工需要检查发动机。
accidentally	I accidentally deleted your message.	我不小心删掉了你的消息。
remains	They found the remains of an old boat.	他们发现了一艘旧船的残骸。
wire	That wire looks damaged.	那根电线看起来损坏了。
volt	Is the voltage less than one volt?	电压不到一伏吗？
power line	A tree fell onto a power line.	一棵树倒在了电力线上。
solve	Did you manage to solve the problem?	你把问题解决了吗？
mystery	Where my keys went is a complete mystery.	我的钥匙去哪儿了，完全是个谜。
snatch	I saw someone snatch her bag.	我看见有人抢走了她的包。
spark	I saw a spark near the plug.	我看到插头附近冒了一下火花。
sticky	Why is the table so sticky?	桌子怎么这么黏？
finger	I've cut my finger.	我割伤了手指。
pie	Would you like a slice of apple pie?	你想吃一块苹果派吗？
mix	Mix the flour and water together.	把面粉和水混合在一起。
pastry	Did you make the pastry yourself?	这酥皮是你自己做的吗？
annoying	That buzzing noise is really annoying.	那嗡嗡声真烦人。
receiver	He put down the receiver without saying goodbye.	他没说再见就放下了电话听筒。
dismay	To my dismay, the last train had already left.	令我沮丧的是，末班火车已经走了。
recognize	I didn't recognize you with your new haircut.	你换了发型，我都没认出来。
persuade	Can you persuade him to come along?	你能说服他一起来吗？
mess	Sorry about the mess in here.	抱歉，这里有点乱。
doorknob	The doorknob has come loose.	门把手松了。
register	Can I register this letter at the counter?	我能在柜台把这封信按挂号信寄出吗？
gold	Is this ring made of gold?	这枚戒指是金的吗？
mine	My grandfather worked in a coal mine.	我爷爷曾在煤矿工作。
treasure	The children are pretending to look for buried treasure.	孩子们正假装寻找埋藏的宝藏。
revealer	The story calls the machine a treasure revealer.	故事里把那台机器称为宝藏探测器。
invent	Who helped invent the first computer?	谁参与发明了第一台计算机？
detect	This alarm can detect smoke.	这个报警器能探测烟雾。
bury	The dog tried to bury its toy.	那只狗想把玩具埋起来。
cave	We explored a cave near the beach.	我们探索了海滩附近的一个山洞。
seashore	We collected shells on the seashore.	我们在海边捡了贝壳。
pirate	He's dressed as a pirate for the party.	他为聚会打扮成了海盗。
arm	The game lets you arm your character with a sword.	这款游戏允许你给角色装备一把剑。
soil	The soil is still wet from yesterday's rain.	昨天的雨让泥土现在还湿着。
entrance	Where's the entrance to the car park?	停车场的入口在哪里？
finally	I've finally finished the paperwork.	我终于把文书工作做完了。
worthless	The tickets are worthless now that the concert's cancelled.	演唱会取消了，这些票现在没有价值了。
thoroughly	Wash the vegetables thoroughly.	把蔬菜洗干净。
trunk	There's an old trunk in the attic.	阁楼里有一个旧衣箱。
confident	I feel more confident speaking English now.	我现在说英语更有信心了。
value	Do you know the value of this watch?	你知道这块手表值多少钱吗？
sound	What's that strange sound?	那奇怪的声音是什么？
excitement	The children couldn't sleep because of the excitement.	孩子们太兴奋，睡不着。
handsome	That's a handsome old building.	那是一栋漂亮的老建筑。
Rolls-Royce	We hired a Rolls-Royce for the wedding.	我们为婚礼租了一辆劳斯莱斯。
Benz	My uncle drives an old Mercedes-Benz.	我叔叔开一辆旧奔驰。
wheel	The front wheel is loose.	前轮松了。
explosion	We heard a loud explosion in the distance.	我们听到远处传来巨大的爆炸声。
course	The runners are already on the course.	跑步选手们已经在赛道上了。
rival	Our biggest rival has opened another shop.	我们最大的竞争对手又开了一家店。
speed	Please don't speed through the village.	请不要在村庄里超速行驶。
downhill	It's easier going downhill.	下坡走起来更轻松。
madam	Can I help you, madam?	夫人，有什么可以帮您的吗？
jeans	Can I wear jeans to the interview?	我能穿牛仔裤去面试吗？
hesitate	Don't hesitate to ask for help.	需要帮助就尽管说。
serve	Are you waiting for someone to serve you?	你是在等店员接待吗？
scornfully	He laughed scornfully at my suggestion.	他对我的建议轻蔑地笑了笑。
punish	It isn't fair to punish everyone.	惩罚所有人是不公平的。
fur	Is that real fur or fake fur?	那是真皮草还是人造皮草？
eager	I'm eager to hear your news.	我迫切地想听听你的消息。
blessing	Having family nearby is a real blessing.	家人住在附近真是一种福气。
disguise	I almost didn't recognize him in that disguise.	他那副伪装让我差点没认出他。
tiny	The kitchen is tiny, but it works for us.	厨房很小，不过够我们用。
possess	Do you possess a valid driving licence?	你持有有效驾驶执照吗？
cursed	This cursed printer has stopped again!	这该死的打印机又停了！
increase	Will they increase the rent next year?	他们明年会涨房租吗？
plant	Let's plant some herbs by the window.	我们在窗边种些香草吧。
church	The church bells wake me up on Sundays.	星期天，教堂的钟声会把我叫醒。
evil	The villain has an evil laugh.	那个反派的笑声很邪恶。
reputation	That garage has a good reputation.	那家修车厂口碑很好。
claim	Did he really claim to have seen a ghost?	他真说自己见过鬼吗？
victim	She was the victim of an online scam.	她是一起网络诈骗的受害者。
vicar	The vicar lives next to the church.	牧师住在教堂旁边。
source	What's the source of that information?	那条信息的来源是什么？
income	My income changes from month to month.	我的收入每个月都不一样。
gain	You'll gain a lot from this course.	你会从这门课程中获益很多。
bark	Does your dog bark at strangers?	你的狗会冲着陌生人叫吗？
press	Press this button to open the door.	按这个按钮开门。
paw	The dog has hurt its front paw.	那只狗的前爪受伤了。
latch	The latch on the gate is broken.	院门上的门闩坏了。
expert	I'm no expert, but that doesn't look right.	我不是专家，但那看起来不太对。
develop	I'm trying to develop better study habits.	我在努力养成更好的学习习惯。
habit	I've got into the habit of walking after dinner.	我已经养成了晚饭后散步的习惯。
remove	Please remove your shoes at the door.	请在门口脱鞋。
future	What would you like to do in the future?	你将来想做什么？
fair	Are you going to the village fair?	你要去村里的集市吗？
fortune-teller	Have you ever visited a fortune-teller?	你找人算过命吗？
crystal	Is that bowl made of crystal?	那个碗是水晶做的吗？
relation	Is he a relation of yours?	他是你的亲戚吗？
impatiently	He tapped his foot impatiently.	他不耐烦地用脚敲着地面。
Hubble	Have you seen those photos from Hubble?	你看过哈勃望远镜拍的那些照片吗？
telescope	You can see the moon through this telescope.	通过这架望远镜，你可以看到月球。
launch	When will they launch the rocket?	他们什么时候发射火箭？
NASA	I found the photo on the NASA website.	我在美国航空航天局的网站上找到了这张照片。
billion	The project will cost a billion dollars.	这个项目将耗资十亿美元。
faulty	I think this charger is faulty.	我觉得这个充电器有故障。
astronaut	She wanted to be an astronaut as a child.	她小时候想当宇航员。
shuttle	We saw a space shuttle at the museum.	我们在博物馆看到了航天飞机。
endeavour	Endeavour was the name of a space shuttle.	奋进号是一架航天飞机的名字。
robot-arm	That robot-arm can pick up a cup.	那个机械臂能拿起杯子。
grab	I'll grab my coat and meet you outside.	我拿上外套就去外面找你。
atmosphere	The rocket passed through the atmosphere.	火箭穿过了大气层。
distant	We could see distant mountains from the train.	我们从火车上能看到远处的山。
galaxy	Our galaxy contains billions of stars.	我们所在的星系有数十亿颗恒星。
universe	How big is the universe?	宇宙有多大？
eagle eye	Keep an eagle eye on your bag.	仔细看好你的包。
control	Who's in control of the budget?	谁负责管理预算？
smoke	I can smell smoke.	我闻到烟味了。
desolate	The beach looked desolate in winter.	冬天的海滩看起来很荒凉。
threaten	Don't threaten to leave every time we disagree.	别每次我们意见不合就威胁要离开。
surrounding	We spent a day exploring the surrounding area.	我们花了一天逛周边地区。
destruction	The storm caused widespread destruction.	暴风雨造成了大范围的破坏。
flood	The shop was damaged in the flood.	那家商店在洪水中受损了。
authority	Report the problem to the local authority.	向地方主管部门报告这个问题。
grass-seed	We need some grass-seed for the lawn.	我们的草坪需要一些草籽。
spray	Don't spray water near the sockets.	别往插座附近喷水。
quantity	What quantity would you like to order?	你想订多少？
root	A tree root has cracked the pavement.	一条树根把人行道顶裂了。
century	This house was built in the last century.	这栋房子建于上个世纪。
patch	There's a wet patch on the ceiling.	天花板上有一块水渍。
blacken	Smoke can blacken the walls.	烟会把墙壁熏黑。
circle	We've got a small circle of close friends.	我们有一个小小的密友圈。
admire	I really admire your patience.	我真佩服你的耐心。
close	We're still close friends.	我们仍然是亲密的朋友。
wedding	Are you going to Emma's wedding?	你要去参加艾玛的婚礼吗？
reception	The wedding reception is at a nearby hotel.	婚宴在附近的一家酒店举行。
sort	What sort of music do you like?	你喜欢哪种音乐？
tunnel	The train goes through a long tunnel.	火车要穿过一条长隧道。
port	The ship is due in port tomorrow.	那艘船预计明天抵港。
ventilate	Open the windows to ventilate the room.	打开窗户，给房间通通风。
chimney	There's a bird on the chimney.	烟囱上有一只鸟。
sea level	How high are we above sea level?	我们现在海拔多高？
double	Could we have a room with a double bed?	能给我们一间带双人床的房间吗？
ventilation	This room needs better ventilation.	这个房间需要改善通风。
fear	I fear we've missed the last bus.	恐怕我们错过末班公交车了。
invasion	The museum has an exhibition about the invasion.	博物馆里有关于那次入侵的展览。
officially	The new library officially opens on Monday.	新图书馆星期一正式开放。
connect	How do I connect to the Wi-Fi?	我怎么连接无线网络？
European	Have you visited any European countries?	你去过哪些欧洲国家吗？
continent	Which continent is that country in?	那个国家在哪个洲？
versus	Are you watching England versus France tonight?	你今晚看英格兰对法国的比赛吗？
Christmas	What are you doing for Christmas?	圣诞节你准备做什么？
circus	I went to the circus as a child.	我小时候去看过马戏表演。
present	I've bought a present for your mum.	我给你妈妈买了一份礼物。
accompany	Can someone accompany her to the appointment?	有人能陪她去赴约吗？
approach	Please approach the dog slowly.	请慢慢靠近那只狗。
ought	We ought to leave soon.	我们应该快点出发了。
weigh	How much does your suitcase weigh?	你的行李箱有多重？
fortunate	We were fortunate to get the last two seats.	我们很幸运，买到了最后两个座位。
Lancaster	Is that a Lancaster in the museum?	博物馆里的那架是兰开斯特轰炸机吗？
bomber	My grandfather flew a bomber during the war.	我爷爷在战争期间驾驶过轰炸机。
remote	She works in a remote mountain village.	她在一个偏远的山村工作。
Pacific	I've never flown across the Pacific.	我从未飞越过太平洋。
wreck	Divers found the wreck near the island.	潜水员在岛屿附近发现了沉船残骸。
rediscover	I'd love to rediscover my interest in painting.	我很想重新找回对绘画的兴趣。
aerial	This aerial photo shows the whole town.	这张航拍照片展示了整个镇子。
survey	Have you filled in the customer survey?	你填写顾客调查问卷了吗？
rescue	Firefighters came to rescue the trapped cat.	消防员来营救那只被困的猫。
package	We need to package these glasses carefully.	我们得仔细包装这些玻璃杯。
enthusiast	My brother is a real cycling enthusiast.	我哥哥是个十足的骑行爱好者。
restore	They're trying to restore the old theatre.	他们正设法修复那座老剧院。
imagine	Can you imagine living without a phone?	你能想象没有手机的生活吗？
packing case	The painting arrived in a wooden packing case.	那幅画装在一个木包装箱里送到了。
colony	There's a colony of bees in that tree.	那棵树里住着一群蜜蜂。
bee	A bee flew in through the window.	一只蜜蜂从窗户飞了进来。
hive	Don't stand too close to the hive.	别站得离蜂箱太近。
preserve	We want to preserve the old building.	我们想保留这栋老建筑。
beeswax	This candle is made from beeswax.	这支蜡烛是蜂蜡做的。
volcano	Have you ever seen a volcano?	你见过火山吗？
active	Is that volcano still active?	那座火山仍然活跃吗？
Kivu	Can you find Lake Kivu on the map?	你能在地图上找到基伍湖吗？
congo	Have you ever been to the Congo?	你去过刚果吗？
Kituro	The lesson describes an eruption of Kituro.	这一课描述了基图罗火山的一次喷发。
erupt	Could this volcano erupt again?	这座火山会再次喷发吗？
violently	The windows shook violently in the storm.	窗户在暴风雨中剧烈摇晃。
manage	Did you manage to find the keys?	你找到钥匙了吗？
brilliant	That was a brilliant performance.	那真是一场精彩的演出。
liquid	Do you use liquid soap?	你用液体洗手皂吗？
escape	How did the dog escape from the garden?	那只狗是怎么从花园跑出去的？
alive	Is that plant still alive?	那株植物还活着吗？
persistent	You have to be persistent when looking for work.	找工作时，你得坚持不懈。
avoid	Let's avoid the main road at rush hour.	高峰时段我们避开主干道吧。
insist	If you insist, I'll stay for dinner.	如果你坚持，我就留下来吃晚饭。
murder	The police are investigating a murder.	警方正在调查一起谋杀案。
instruct	The coach will instruct us in the basic techniques.	教练会教我们基本技巧。
acquire	It takes time to acquire new skills.	掌握新技能需要时间。
confidence	Practice has given me more confidence.	练习让我更有信心了。
examiner	The examiner asked me to turn left.	考官让我向左转。
suppose	Suppose it rains. What shall we do?	假如下雨，我们怎么办？
tap	Just tap the screen once.	轻点一下屏幕就行。
react	How did she react to the news?	她听到消息后有什么反应？
brake	The mechanic checked the brake pads.	修理工检查了刹车片。
pedal	My foot slipped off the pedal.	我的脚从踏板上滑了下来。
mournful	The dog gave me a mournful look.	那只狗可怜巴巴地看了我一眼。
bullfight	I've never been to a bullfight.	我从没去看过斗牛。
drunk	A drunk was shouting outside the pub.	一个醉汉在酒吧外大喊大叫。
wander	Let's wander round the old town.	我们在老城区随便逛逛吧。
unaware	I was unaware that the time had changed.	我不知道时间已经改了。
bull	There's a bull in that field.	那块田里有一头公牛。
matador	The matador stepped into the ring.	斗牛士走进了竞技场。
apparently	Apparently, the shop is closing next month.	听说那家店下个月要关门了。
sensitive	He's quite sensitive about his age.	他对自己的年龄很敏感。
criticism	Try not to take the criticism personally.	尽量不要觉得那些批评是在针对你个人。
charge	We saw the bull charge towards the gate.	我们看到那头公牛冲向大门。
clumsily	I clumsily knocked my drink over.	我笨手笨脚地打翻了饮料。
bow	The actors bow at the end of the play.	演员们在演出结束时鞠躬。
safety	We all got out of the building to safety.	我们都从楼里撤到了安全的地方。
sympathetically	She listened sympathetically as I explained the problem.	我说明问题时，她体谅地听着。
parliament	The bill is being discussed in parliament.	议会正在讨论这项法案。
erect	They plan to erect a fence around the garden.	他们计划在花园周围建一道栅栏。
accurate	Are these figures accurate?	这些数字准确吗？
official	An official checked our documents at the border.	一位官员在边境检查了我们的证件。
Greenwich	Shall we visit Greenwich on Sunday?	我们星期天去格林尼治逛逛好吗？
observatory	The observatory is open to visitors tonight.	天文台今晚对游客开放。
check	Could you check the address for me?	你能帮我核对一下地址吗？
microphone	Is this microphone working?	这个麦克风能用吗？
tower	You can climb the tower for a better view.	你可以爬上塔，看看更开阔的风景。
racing	My brother is interested in motor racing.	我哥哥对赛车感兴趣。
per	The room costs eighty pounds per night.	这个房间每晚八十英镑。
Utah	My cousin lives in Utah.	我表哥住在犹他州。
horsepower	How much horsepower does that engine produce?	那台发动机有多少马力？
burst	The balloon could burst if you blow too hard.	你吹得太用力，气球可能会破。
average	What's the average rent around here?	这一带的平均租金是多少？
footstep	I heard a footstep outside my door.	我听到门外有一声脚步声。
record-holder	Is she still the world record-holder?	她仍是世界纪录保持者吗？
truant	The teacher spoke to the truant's parents.	老师和那个逃学孩子的父母谈了话。
hitchhike	We used to hitchhike when we were students.	我们还是学生时常常搭便车旅行。
meantime	Dinner will be ready soon. In the meantime, have a seat.	晚饭很快就好，在这之前先坐一会儿。
lorry	A lorry is blocking the entrance.	一辆卡车挡住了入口。
border	Do we need passports to cross the border?	我们过边境需要护照吗？
evade	He tried to evade my question.	他试图回避我的问题。
unimaginative	The menu is rather unimaginative.	这份菜单没什么新意。
shame	There's no shame in asking for help.	寻求帮助没什么可羞耻的。
limelight	She doesn't enjoy being in the limelight.	她不喜欢成为公众关注的焦点。
precaution	I took a spare key as a precaution.	我带了把备用钥匙，以防万一。
fan	I'm a big fan of her music.	我很喜欢她的音乐。
shady	Let's find a shady spot for lunch.	我们找个阴凉的地方吃午饭吧。
sheriff	The sheriff appears at the end of the film.	治安官在电影结尾出现。
sneer	I didn't like the sneer on his face.	我不喜欢他脸上那副嘲讽的表情。
thick	You'll need a thick coat today.	你今天得穿件厚外套。
signal	There's no phone signal here.	这里没有手机信号。
stamp	Don't stamp your feet on the stairs.	别在楼梯上跺脚。
helicopter	We heard a helicopter overhead.	我们听到头顶有直升机的声音。
scene	The police arrived at the scene quickly.	警方很快就到达了现场。
survivor	We heard an interview with a survivor of the fire.	我们听了对那场火灾的一位幸存者的采访。
fool	I felt like a fool for forgetting her name.	我忘了她的名字，觉得自己像个傻瓜。
bulletin	Did you hear the latest news bulletin?	你听最新的新闻简报了吗？
announcer	The announcer said the programme would start late.	播音员说节目会推迟开始。
macaroni	Shall I make macaroni cheese for dinner?	晚饭我做芝士通心粉好吗？
leading	She's a leading expert in the field.	她是这个领域的顶尖专家。
grower	We buy our apples from a local grower.	我们从当地果农那里买苹果。
splendid	What a splendid view!	多么壮丽的景色！
stalk	Cut the stalk off before you cook it.	烹饪前先把梗切掉。
thresh	They use a machine to thresh the wheat.	他们用机器给小麦脱粒。
process	This factory can process fruit into juice.	这家工厂能把水果加工成果汁。
Signor	Good morning, Signor Rossi.	早上好，罗西先生。
champion	She's the national swimming champion.	她是全国游泳冠军。
studio	The band is recording in the studio today.	乐队今天在录音室录音。
mummy	We saw a mummy in the museum.	我们在博物馆看到了一具木乃伊。
Egyptian	Have you seen the Egyptian exhibition?	你看过那个埃及展览吗？
temple	Please take your shoes off before entering the temple.	进寺庙前请脱鞋。
mark	There's a coffee mark on your shirt.	你的衬衫上有一块咖啡渍。
plate	This old camera uses a glass plate.	这台老相机使用玻璃底片。
disease	The disease damaged many trees in the park.	这种病害损坏了公园里的许多树。
last	How long does the course last?	这门课程持续多久？
prove	This map may prove useful later.	这张地图稍后可能会派上用场。
resin	There's sticky resin on the tree bark.	树皮上有黏黏的树脂。
skin	This soap makes my skin feel dry.	这种肥皂让我觉得皮肤干燥。
section	We examined a thin section of the leaf.	我们观察了叶片的一个薄切片。
figure	There's a wooden figure on the shelf.	架子上有一尊木制人像。
normally	I normally leave home at eight.	我通常八点出门。
survive	Could these plants survive a cold winter?	这些植物能熬过寒冬吗？
entitle	Why did you entitle your story "Home"?	你为什么把故事取名为《家》？
calm	Take a moment to calm yourself.	花点时间让自己冷静下来。
nerve	The dentist said a nerve was damaged.	牙医说一根神经受损了。
concentration	That noise is breaking my concentration.	那噪声让我无法集中注意力。
suffer	Do you suffer from travel sickness?	你晕车吗？
symptom	Was a cough your first symptom?	咳嗽是你最早的症状吗？
temper	I shouldn't have lost my temper.	我不该发脾气。
appetite	I haven't got much of an appetite today.	我今天没什么胃口。
produce	Could you produce some proof of your address?	你能出示一些住址证明吗？
urge	I urge you to think about it carefully.	我强烈建议你仔细考虑一下。
satisfaction	Finishing the job gave me real satisfaction.	完成这项工作让我很有满足感。
delighted	I'd be delighted to come.	我很乐意来。
parent	A parent needs to sign this form.	这张表需要一位家长签字。
flight attendant	Let's ask the flight attendant for some water.	我们向乘务员要点水吧。
frightened	I was frightened by the sudden noise.	突然的声响吓到了我。
curious	I'm curious about how you met.	我很好奇你们是怎么认识的。
bomb	The film starts with a bomb scare.	电影以一次炸弹恐慌事件开场。
palace	Can we visit the palace gardens?	我们能参观宫殿花园吗？
extraordinary	She has an extraordinary memory for names.	她记名字的能力非同寻常。
exhibition	There's a photography exhibition at the library.	图书馆里有一个摄影展。
iron	Is this gate made of iron?	这扇门是铁做的吗？
various	I've tried various ways to fix it.	我试过各种方法来修好它。
machinery	Please keep clear of the machinery.	请与这些机器保持距离。
display	There's a display of old photographs upstairs.	楼上有一个老照片展。
steam	Be careful of the steam from the kettle.	小心水壶冒出的蒸汽。
profit	Did the shop make a profit last year?	那家店去年盈利了吗？
college	What did you study at college?	你在学院学的是什么？
prisoner	The film is about an escaped prisoner.	这部电影讲的是一个越狱囚犯的故事。
bush	The ball landed behind that bush.	球落在了那丛灌木后面。
rapidly	The weather is changing rapidly.	天气正在迅速变化。
uniform	Do you have to wear a uniform at work?	你上班必须穿制服吗？
rifle	There's an old rifle on display in the museum.	博物馆里陈列着一支旧步枪。
shoulder	My shoulder hurts when I lift my arm.	我抬胳膊时肩膀疼。
march	We watched the band march down the street.	我们看着乐队沿街行进。
boldly	She walked boldly onto the stage.	她大胆地走上了舞台。
blaze	The lights blaze all night in that building.	那栋楼里的灯整夜通明。
salute	The soldiers salute as the flag goes up.	旗帜升起时，士兵们敬礼。
elderly	I help my elderly neighbour with her shopping.	我帮年迈的邻居买东西。
grey	He's started to go grey.	他的头发开始变灰白了。
sharp	I felt a sharp pain in my knee.	我的膝盖突然一阵剧痛。
blow	Losing the contract was a real blow.	失去那份合同是个沉重的打击。
monster	The child thought there was a monster under the bed.	那孩子以为床底下有个怪物。
sailor	My uncle used to be a sailor.	我叔叔以前是一名海员。
creature	What's that little creature in the pond?	池塘里那个小生物是什么？
peculiar	There's a peculiar smell in here.	这里有一股奇怪的气味。
shining	You could see her shining eyes in the photo.	从照片上可以看到她明亮的眼睛。
oarfish	Have you ever seen an oarfish?	你见过皇带鱼吗？
election	When is the next election?	下一次选举是什么时候？
former	I ran into a former colleague yesterday.	我昨天偶遇了一位以前的同事。
defeat	Do you think we can defeat them?	你觉得我们能打败他们吗？
fanatical	He's fanatical about football.	他对足球十分狂热。
opponent	Her opponent played really well.	她的对手打得非常好。
radical	That would be a radical change.	那将是一个彻底的改变。
progressive	The school has a progressive approach to teaching.	这所学校采用进步的教学理念。
prefix	What does the prefix "un-" mean?	前缀“un-”是什么意思？
suspicious	I'm suspicious of emails asking for bank details.	我对索要银行信息的邮件持怀疑态度。
strike	The drivers are on strike today.	司机们今天在罢工。
busman	My grandad worked as a busman for years.	我爷爷在公交行业干了很多年。
state	Please state your full name.	请说出你的全名。
agreement	Have we reached an agreement?	我们达成协议了吗？
relieve	A short walk helps relieve my stress.	短暂散步有助于缓解我的压力。
pressure	I'm under a lot of pressure at work.	我的工作压力很大。
extent	I agree with you to some extent.	我在某种程度上同意你的看法。
volunteer	Would you like to volunteer at the weekend?	你周末想做志愿者吗？
gratitude	I sent her a card to express my gratitude.	我送了她一张卡片，表达我的感激之情。
object	Would anyone object if I opened the window?	如果我开窗，有人反对吗？
inform	Please inform us of any changes.	如有任何变更，请通知我们。
headmaster	The headmaster spoke to us after assembly.	集会后，校长跟我们讲了话。
contribute	Would you like to contribute to the leaving present?	你想为离别礼物出一份钱吗？
gift	Thank you for the lovely gift.	谢谢你送我这么好的礼物。
album	Let's look through the photo album.	我们翻翻相册吧。
patience	Thanks for your patience.	谢谢你的耐心。
encouragement	Your encouragement really helped me.	你的鼓励真的帮助了我。
farewell	We're having a farewell dinner for Tom.	我们要为汤姆办一场告别晚宴。
honour	The dinner is in her honour.	这场晚宴是为向她表示敬意而举办的。
coincidence	What a coincidence! We went to the same school.	真巧！我们上过同一所学校。
total	What's the total, including delivery?	包括运费一共多少钱？
devote	I'd like to devote more time to reading.	我想花更多时间阅读。
gardening	Do you enjoy gardening?	你喜欢园艺吗？
hobby	Photography is my main hobby.	摄影是我主要的爱好。
swing	The road will swing to the left ahead.	前面的路会向左拐。
speedboat	We took a speedboat to the island.	我们坐快艇去了那座岛。
desperately	I searched desperately for my missing passport.	我心急如焚地寻找丢失的护照。
companion	She was a great travelling companion.	她是个很好的旅伴。
water ski	Have you ever tried to water ski?	你试过滑水吗？
buoy	Don't swim beyond that buoy.	不要游过那个浮标。
tremendous	You've made tremendous progress.	你取得了巨大的进步。
petrol	We need to stop for petrol.	我们需要停车加油。
drift	Watch the leaves drift down the stream.	看那些叶子顺着小溪漂走。
gently	Close the door gently, please.	请轻轻关门。
alibi	The suspect had an alibi for that evening.	嫌疑人有那天晚上的不在场证明。
commit	Did he actually commit a crime?	他真的犯了罪吗？
inspector	The inspector wants to speak to you.	探长想和你谈谈。
employer	Does your employer pay for training?	你的雇主支付培训费用吗？
confirm	Could you confirm the booking by email?	你能通过邮件确认预约吗？
truth	Please tell me the truth.	请告诉我真相。
trap	Floodwater can trap people in their homes.	洪水可能会把人困在家里。
surface	Let the surface dry before painting.	等表面干了再刷漆。
explosive	The crew used an explosive to break up the rock.	施工人员用炸药炸开了岩石。
vibration	I can feel a vibration through the floor.	我能感觉到地板传来的震动。
collapse	The old wall could collapse at any time.	那堵旧墙随时可能倒塌。
drill	We need to drill a hole for the shelf.	我们需要为这个架子钻个孔。
capsule	The museum displays a space capsule.	博物馆里陈列着一个太空舱。
layer	Put on another layer if you're cold.	冷的话就再加一层衣服。
beneath	There's a cupboard beneath the stairs.	楼梯下面有一个橱柜。
lower	Could you lower your voice a little?	你说话声音能小一点吗？
progress	I hope to progress to the next level soon.	我希望很快能进阶到下一个级别。
smoothly	Everything went smoothly today.	今天一切都很顺利。
slip	Sorry, that was a slip of the tongue.	对不起，那是口误。
comedy	Shall we watch a comedy tonight?	我们今晚看一部喜剧好吗？
queue	Do we need to queue for tickets?	我们需要排队买票吗？
dull	The first half of the film was dull.	电影的前半部分很无聊。
artiste	The cabaret artiste came back for an encore.	那位歌舞艺人返场加演了一段。
advertiser	Who's the main advertiser on this website?	这个网站的主要广告客户是谁？
chip	Can I try a chip from your plate?	我能尝一根你盘子里的薯条吗？
overfish	If we overfish this area, stocks won't recover.	如果我们在这个区域过度捕捞，鱼群数量就无法恢复。
giant	There's a giant tree in the garden.	花园里有一棵大树。
terrify	Spiders terrify me.	我很害怕蜘蛛。
diver	The diver found an old coin underwater.	那位潜水员在水下找到了一枚旧硬币。
oil rig	My cousin works on an oil rig.	我表哥在石油钻井平台上工作。
wit	Her quick wit always makes us laugh.	她机敏风趣，总能把我们逗笑。
cage	The bird flew out of its cage.	鸟从笼子里飞了出来。
shark	Have you ever seen a shark up close?	你近距离见过鲨鱼吗？
whale	We saw a whale from the boat.	我们从船上看到了一头鲸。
variety	Which variety of apple do you prefer?	你更喜欢哪种苹果？
cod	I'll have the cod and chips, please.	请给我鳕鱼配薯条。
skate	I've never tried skate before.	我以前从没吃过鳐鱼。
factor	Price isn't the only factor in our decision.	价格不是我们作决定的唯一因素。
crew	The crew were very helpful during the flight.	机组人员在飞行途中帮了很多忙。
special	Is there anything special you'd like for dinner?	晚饭你有没有什么特别想吃的？
balloon	Hold tight to your balloon.	抓紧你的气球。
royal	We visited the royal gardens.	我们参观了皇家花园。
spy	Don't spy on your neighbours.	不要窥探你的邻居。
track	I found a fresh animal track in the mud.	我在泥里发现了一个新鲜的动物足迹。
binoculars	Bring your binoculars if you want to watch birds.	如果你想观鸟，就带上双筒望远镜。
fast	The baby is fast asleep.	宝宝睡得正熟。
ladder	Could you hold the ladder steady?	你能把梯子扶稳吗？
shed	The garden tools are in the shed.	园艺工具放在棚子里。
sarcastic	Are you being sarcastic?	你是在说反话吗？
tone	I didn't like his tone of voice.	我不喜欢他说话的语气。
noble	Helping others is a noble aim.	帮助别人是一个高尚的目标。
monument	Let's meet by the monument.	我们在纪念碑旁边见吧。
statue	Who's that statue of?	那是谁的雕像？
liberty	The statue is a symbol of liberty.	这座雕像是自由的象征。
sculptor	Do you know who the sculptor was?	你知道雕塑家是谁吗？
actual	What's the actual cost after tax?	税后的实际费用是多少？
copper	These pipes are made of copper.	这些管道是铜做的。
support	This beam helps support the roof.	这根梁帮助支撑屋顶。
framework	The wooden framework is still in good condition.	木制框架仍然状况良好。
transport	How will we transport the furniture?	我们要怎么运这些家具？
site	Visitors must sign in at the building site.	访客必须在工地登记。
pedestal	The statue stands on a stone pedestal.	雕像立在一个石头底座上。
Los Angeles	How long is the flight to Los Angeles?	飞往洛杉矶的航班要多久？
reluctant	I'm reluctant to sign before reading it.	没看过内容之前，我不愿意签字。
weight	I can't lift that weight on my own.	我一个人抬不动那么重的东西。
underwater	Is this an underwater camera?	这是一台水下相机吗？
tricycle	My little nephew rides a tricycle.	我的小侄子骑三轮车。
compete	Are you going to compete in the race?	你要参加那场比赛吗？
yard	Move the bench about a yard to the left.	把长椅往左移大约一码。
gasp	The cold water made me gasp.	冷水让我猛地吸了口气。
fantasy	I enjoy reading fantasy novels.	我喜欢读奇幻小说。
ambassador	The ambassador gave a short speech.	大使作了一段简短的讲话。
Escalopia	Escalopia is an imaginary country in the story.	艾斯卡罗比亚是故事中的虚构国家。
frightful	What a frightful mess!	怎么乱成这样！
fire extinguisher	Where's the nearest fire extinguisher?	最近的灭火器在哪里？
drily	She said drily, "What a surprise."	她冷冷地说：“真是意外啊。”
embassy	I need to contact the embassy.	我需要联系大使馆。
heaven	This quiet beach feels like heaven.	这片安静的海滩让人觉得像天堂一样。
basement	The washing machine is in the basement.	洗衣机在地下室。
definitely	I'll definitely be there.	我一定会到的。
post	Will they post you abroad next year?	他们明年会把你派到国外吗？
shot	We heard a shot in the distance.	我们听到远处传来一声枪响。
aim	The player took aim at the goal.	那名球员瞄准了球门。
festival	Are you going to the music festival?	你要去参加音乐节吗？
lantern	We hung a lantern outside the tent.	我们在帐篷外挂了一盏灯。
spectacle	The fireworks were quite a spectacle.	烟花的场面相当壮观。
guide	Can someone guide us back to the entrance?	有人能带我们回入口吗？
