private	/ˈpraɪvət/	adj. 私人的	NCE2 Lesson 1
conversation	/ˌkɒnvəˈseɪʃ(ə)n/	n. 谈话	NCE2 Lesson 1
theatre	/ˈθɪətə(r)/	n. 剧场，戏院	NCE2 Lesson 1
seat	/siːt/	n. 座位	NCE2 Lesson 1
angry	/ˈæŋɡri/	adj. 生气的	NCE2 Lesson 1
attention	/əˈtenʃ(ə)n/	n. 注意	NCE2 Lesson 1
angrily	/ˈæŋɡrəli/	adv. 生气地	NCE2 Lesson 1
bear	/beə(r)/	v. 容忍	NCE2 Lesson 1
business	/ˈbɪznəs/	n. 事	NCE2 Lesson 1
rudely	/ˈruːdli/	adv. 无礼地，粗鲁地	NCE2 Lesson 1
play	/pleɪ/	n. 戏	NCE2 Lesson 1
loudly	/ˈlaʊdli/	adv. 大声地	NCE2 Lesson 1
until	/ʌnˈtɪl/	prep. 直到	NCE2 Lesson 2
outside	/ˌaʊtˈsaɪd/	adv. 外面	NCE2 Lesson 2
ring	/rɪŋ/	v. （铃、电话等）响（rang, rung）；n. 圆形竞技场地	NCE2 Lesson 2, NCE2 Lesson 70
aunt	/ɑːnt/	n. 姑，姨，婶，舅母	NCE2 Lesson 2
repeat	/rɪˈpiːt/	v. 重复	NCE2 Lesson 2
send	/send/	v. 寄 , 送寄	NCE2 Lesson 3
postcard	/ˈpəʊstkɑːd/	n. 明信片	NCE2 Lesson 3
spoil	/spɔɪl/	v. 使索然无味, 损坏	NCE2 Lesson 3
museum	/mjuˈziːəm/	n. 博物馆	NCE2 Lesson 3
public	/ˈpʌblɪk/	adj. 公共的	NCE2 Lesson 3
friendly	/ˈfrendli/	adj. 友好的	NCE2 Lesson 3
waiter	/ˈweɪtə(r)/	n. 服务员, 招待员	NCE2 Lesson 3
lend	/lend/	v. 借、给	NCE2 Lesson 3
decision	/dɪˈsɪʒ(ə)n/	n. 决定	NCE2 Lesson 3
whole	/həʊl/	adj. 整个的	NCE2 Lesson 3
single	/ˈsɪŋɡ(ə)l/	adj. 唯一的, 单一的	NCE2 Lesson 3
decide	/dɪˈsaɪd/	v. 决定	NCE2 Lesson 3
exciting	/ɪkˈsaɪtɪŋ/	adj. 令人兴奋的	NCE2 Lesson 4
receive	/rɪˈsiːv/	v. 接收，收到	NCE2 Lesson 4
firm	/fɜːm/	n. 商行，公司	NCE2 Lesson 4
different	/ˈdɪfrənt/	adj. 不同的	NCE2 Lesson 4
centre	/ˈsentə(r)/	n. 中心	NCE2 Lesson 4
abroad	/əˈbrɔːd/	adv. 在国外	NCE2 Lesson 4
pigeon	/ˈpɪdʒɪn/	n. 鸽子	NCE2 Lesson 5
message	/ˈmesɪdʒ/	n. 信息	NCE2 Lesson 5
cover	/ˈkʌvə(r)/	v. 越过	NCE2 Lesson 5
distance	/ˈdɪstəns/	n. 距离	NCE2 Lesson 5
request	/rɪˈkwest/	n. 要求，请求	NCE2 Lesson 5
spare part	/ˌspeə ˈpɑːt/	n. 备件	NCE2 Lesson 5
service	/ˈsɜːvɪs/	n. 业务，服务	NCE2 Lesson 5
beggar	/ˈbeɡə(r)/	n. 乞丐	NCE2 Lesson 6
food	/fuːd/	n. 食物	NCE2 Lesson 6
pocket	/ˈpɒkɪt/	n. 衣服口袋	NCE2 Lesson 6
call	/kɔːl/	v. 拜访，光顾	NCE2 Lesson 6
detective	/dɪˈtektɪv/	n. 侦探	NCE2 Lesson 7
airport	/ˈeəpɔːt/	n. 机场	NCE2 Lesson 7
expect	/ɪkˈspekt/	v. 期待，等待	NCE2 Lesson 7
valuable	/ˈvæljuəb(ə)l/	adj. 贵重的	NCE2 Lesson 7
parcel	/ˈpɑːs(ə)l/	n. 包裹	NCE2 Lesson 7
diamond	/ˈdaɪmənd/	n. 钻石	NCE2 Lesson 7
steal	/stiːl/	v. 偷	NCE2 Lesson 7
main	/meɪn/	adj. 主要的	NCE2 Lesson 7
airfield	/ˈeəfiːld/	n. 飞机起落的场地	NCE2 Lesson 7
guard	/ɡɑːd/	n. 警戒，守卫	NCE2 Lesson 7
precious	/ˈpreʃəs/	adj. 珍贵的	NCE2 Lesson 7
stone	/stəʊn/	n. 石子	NCE2 Lesson 7
sand	/sænd/	n. 沙子	NCE2 Lesson 7
competition	/ˌkɒmpəˈtɪʃ(ə)n/	n. 比赛，竞赛	NCE2 Lesson 8
neat	/niːt/	adj. 整齐的，整洁的	NCE2 Lesson 8
path	/pɑːθ/	n. 小路，小径	NCE2 Lesson 8
wooden	/ˈwʊdn/	adj. 木头的；adj. 木制的	NCE2 Lesson 8, NCE2 Lesson 46
pool	/puːl/	n. 水池	NCE2 Lesson 8
welcome	/ˈwelkəm/	n. 欢迎；v. 欢迎	NCE2 Lesson 9
crowd	/kraʊd/	n. 人群	NCE2 Lesson 9
gather	/ˈɡæðə(r)/	v. 聚集；v. 收庄稼	NCE2 Lesson 9, NCE2 Lesson 76
hand	/hænd/	n. （表或机器的）指针	NCE2 Lesson 9
shout	/ʃaʊt/	v. 喊叫	NCE2 Lesson 9
refuse	/rɪˈfjuːz/	v. 拒绝	NCE2 Lesson 9
laugh	/lɑːf/	v. 笑	NCE2 Lesson 9
jazz	/dʒæz/	n. 爵士音乐	NCE2 Lesson 10
musical	/ˈmjuːzɪk(ə)l/	adj. 音乐的；adj. 精通音乐的	NCE2 Lesson 10, NCE2 Lesson 42
instrument	/ˈɪnstrəmənt/	n. 乐器	NCE2 Lesson 10
clavichord	/ˈklævɪkɔːd/	n. 古钢琴	NCE2 Lesson 10
recently	/ˈriːs(ə)ntli/	adv. 最近	NCE2 Lesson 10
damage	/ˈdæmɪdʒ/	v. 损坏；v. 毁坏	NCE2 Lesson 10, NCE2 Lesson 66
key	/kiː/	n. 琴键	NCE2 Lesson 10
string	/strɪŋ/	n. （乐器的）弦	NCE2 Lesson 10
shock	/ʃɒk/	v. 使不悦或生气，震惊	NCE2 Lesson 10
allow	/əˈlaʊ/	v. 允许，让	NCE2 Lesson 10
touch	/tʌtʃ/	v. 触摸	NCE2 Lesson 10
turn	/tɜːn/	n. 行为，举止	NCE2 Lesson 11
deserve	/dɪˈzɜːv/	v. 应得到，值得	NCE2 Lesson 11
lawyer	/ˈlɔɪə(r)/	n. 律师	NCE2 Lesson 11
bank	/bæŋk/	n. 银行	NCE2 Lesson 11
salary	/ˈsæləri/	n. 工资	NCE2 Lesson 11
immediately	/ɪˈmiːdiətli/	adv. 立刻	NCE2 Lesson 11
luck	/lʌk/	n. 运气，幸运	NCE2 Lesson 12
captain	/ˈkæptɪn/	n. 船长	NCE2 Lesson 12
sail	/seɪl/	v. 航行	NCE2 Lesson 12
harbour	/ˈhɑːbə(r)/	n. 港口	NCE2 Lesson 12
proud	/praʊd/	adj. 自豪	NCE2 Lesson 12
important	/ɪmˈpɔːt(ə)nt/	adj. 重要的	NCE2 Lesson 12
group	/ɡruːp/	n. 小组，团体	NCE2 Lesson 13
pop singer	/pɒp ˈsɪŋə(r)/	n. 流行歌手	NCE2 Lesson 13
club	/klʌb/	n. 俱乐部	NCE2 Lesson 13
performance	/pəˈfɔːməns/	n. 演出	NCE2 Lesson 13
occasion	/əˈkeɪʒ(ə)n/	n. 场合	NCE2 Lesson 13
experience	/ɪkˈspɪəriəns/	n. 经历	NCE2 Lesson 14, NCE2 Lesson 31
wave	/weɪv/	v. 招手	NCE2 Lesson 14
lift	/lɪft/	v. 搭便车	NCE2 Lesson 14
reply	/rɪˈplaɪ/	v. 回答	NCE2 Lesson 14
language	/ˈlæŋɡwɪdʒ/	n. 语言	NCE2 Lesson 14
journey	/ˈdʒɜːni/	n. 旅行	NCE2 Lesson 14
amusing	/əˈmjuːzɪŋ/	adj. 好笑的，有趣的	NCE2 Lesson 14
secretary	/ˈsekrət(ə)ri/	n. 秘书	NCE2 Lesson 15
nervous	/ˈnɜːvəs/	adj. 精神紧张的	NCE2 Lesson 15
afford	/əˈfɔːd/	v. 负担得起	NCE2 Lesson 15
weak	/wiːk/	adj. 弱的	NCE2 Lesson 15
interrupt	/ˌɪntəˈrʌpt/	v. 插话，打断	NCE2 Lesson 15
park	/pɑːk/	v. 停放（汽车）	NCE2 Lesson 16
traffic	/ˈtræfɪk/	n. 交通	NCE2 Lesson 16
ticket	/ˈtɪkɪt/	n. 交通违规罚款单	NCE2 Lesson 16
note	/nəʊt/	n. 便条	NCE2 Lesson 16
area	/ˈeəriə/	n. 地段	NCE2 Lesson 16
sign	/saɪn/	n. 指示牌；v. 签字	NCE2 Lesson 16, NCE2 Lesson 54
reminder	/rɪˈmaɪndə(r)/	n. 提示	NCE2 Lesson 16
fail	/feɪl/	v. 无视，忘记	NCE2 Lesson 16
obey	/əˈbeɪ/	v. 服从	NCE2 Lesson 16
polite	/pəˈlaɪt/	adj. 有礼貌的	NCE2 Lesson 16
appear	/əˈpɪə(r)/	v. 登场，扮演	NCE2 Lesson 17
stage	/steɪdʒ/	n. 舞台	NCE2 Lesson 17
bright	/braɪt/	adj. 鲜艳的	NCE2 Lesson 17
stocking	/ˈstɒkɪŋ/	n. （女用）长筒袜(棉的, 绒的, 并不是现在的丝袜)	NCE2 Lesson 17
sock	/sɒk/	n. 短袜	NCE2 Lesson 17
pub	/pʌb/	n. 小酒店	NCE2 Lesson 18
landlord	/ˈlændlɔːd/	n. 店主	NCE2 Lesson 18
bill	/bɪl/	n. 帐单	NCE2 Lesson 18
hurry	/ˈhʌri/	v. 匆忙	NCE2 Lesson 19
ticket office	/ˈtɪkɪt ˈɒfɪs/	n. 售票处	NCE2 Lesson 19
pity	/ˈpɪti/	n. 令人遗憾的事	NCE2 Lesson 19
exclaim	/ɪkˈskleɪm/	v. 大声说	NCE2 Lesson 19
return	/rɪˈtɜːn/	v. 退回	NCE2 Lesson 19
sadly	/ˈsædli/	adv. 悲哀地，丧气地	NCE2 Lesson 19
fisherman	/ˈfɪʃəmən/	n. 钓鱼人，渔民	NCE2 Lesson 20
boot	/buːt/	n. 靴子	NCE2 Lesson 20
waste	/weɪst/	n. 浪费	NCE2 Lesson 20
realize	/ˈriːəlaɪz/	v. 意识到	NCE2 Lesson 20
catch	/kætʃ/	v. 抓到	NCE2 Lesson 20
mad	/mæd/	adj. 发疯	NCE2 Lesson 21
reason	/ˈriːz(ə)n/	n. 原因	NCE2 Lesson 21
sum	/sʌm/	n. 量	NCE2 Lesson 21
determined	/dɪˈtɜːmɪnd/	adj. 坚定的，下决心的	NCE2 Lesson 21
dream	/driːm/	v. 做梦，梦想	NCE2 Lesson 22
age	/eɪdʒ/	n. 年龄	NCE2 Lesson 22
channel	/ˈtʃæn(ə)l/	n. 海峡	NCE2 Lesson 22
throw	/θrəʊ/	v. 扔，抛	NCE2 Lesson 22
complete	/kəmˈpliːt/	v. 完成	NCE2 Lesson 23
modern	/ˈmɒd(ə)n/	adj. 新式的，与以往不同的	NCE2 Lesson 23
strange	/streɪndʒ/	adj. 奇怪的	NCE2 Lesson 23
district	/ˈdɪstrɪkt/	n. 地区	NCE2 Lesson 23
manager	/ˈmænɪdʒə(r)/	n. 经理	NCE2 Lesson 24
upset	/ˌʌpˈset/	adj. 不安	NCE2 Lesson 24
sympathetic	/ˌsɪmpəˈθetɪk/	adj. 表示同情的	NCE2 Lesson 24
complain	/kəmˈpleɪn/	v. 抱怨	NCE2 Lesson 24, NCE2 Lesson 38
wicked	/ˈwɪkɪd/	adj. 很坏的，邪恶的	NCE2 Lesson 24
contain	/kənˈteɪn/	v. 包含，内装	NCE2 Lesson 24
honesty	/ˈɒnəsti/	n. 诚实	NCE2 Lesson 24
railway	/ˈreɪlweɪ/	n. 铁路	NCE2 Lesson 25
porter	/ˈpɔːtə(r)/	n. 搬运工	NCE2 Lesson 25
foreigner	/ˈfɒrənə(r)/	n. 外国人	NCE2 Lesson 25
wonder	/ˈwʌndə(r)/	v. 感到奇怪	NCE2 Lesson 25
several	/ˈsevrəl/	pron. 几个	NCE2 Lesson 25
quantifier	/ˈkwɒntɪfaɪə/	n. 数量词	NCE2 Lesson 25
art	/ɑːt/	n. 艺术	NCE2 Lesson 26
critic	/ˈkrɪtɪk/	n. 评论家	NCE2 Lesson 26
paint	/peɪnt/	v. 画	NCE2 Lesson 26
pretend	/prɪˈtend/	v. 假装	NCE2 Lesson 26
pattern	/ˈpæt(ə)n/	n. 图案	NCE2 Lesson 26
curtain	/ˈkɜːt(ə)n/	n. 窗帘，幕布	NCE2 Lesson 26
material	/məˈtɪəriəl/	n. 材料	NCE2 Lesson 26
appreciate	/əˈpriːʃieɪt/	v. 鉴赏	NCE2 Lesson 26
notice	/ˈnəʊtɪs/	v. 注意到；n. 告示	NCE2 Lesson 26, NCE2 Lesson 74
whether	/ˈweðə(r)/	conj. 是否	NCE2 Lesson 26
hang	/hæŋ/	v. 悬挂，吊	NCE2 Lesson 26
critically	/ˈkrɪtɪkli/	adv. 批评地	NCE2 Lesson 26
upside down	/ˌʌpsaɪd ˈdaʊn/	adv. 上下颠倒地（两个同样的音连在一起时, 前面的音声去不读）	NCE2 Lesson 26
upside	/ˈʌpsaɪd/	n. 优势	NCE2 Lesson 26
tent	/tent/	n. 帐篷	NCE2 Lesson 27
field	/fiːld/	n. 田地，田野	NCE2 Lesson 27
smell	/smel/	v. 闻起来	NCE2 Lesson 27
wonderful	/ˈwʌndəf(ə)l/	adj. 极好的	NCE2 Lesson 27
campfire	/ˈkæmpfaɪə(r)/	n. 营火，篝火	NCE2 Lesson 27
creep	/kriːp/	v. 爬行	NCE2 Lesson 27
sleeping bag	/ˈsliːpɪŋ bæɡ/	n. 睡袋	NCE2 Lesson 27
comfortable	/ˈkʌmftəb(ə)l/	adj. 舒适的，安逸的	NCE2 Lesson 27
soundly	/ˈsaʊndli/	adv. 香甜地	NCE2 Lesson 27
leap	/liːp/	v. 跳跃，跳起	NCE2 Lesson 27
heavily	/ˈhevɪli/	adv. 大量地	NCE2 Lesson 27
stream	/striːm/	n. 小溪	NCE2 Lesson 27
form	/fɔːm/	v. 形成	NCE2 Lesson 27
wind	/wɪnd/	v. 蜿蜒	NCE2 Lesson 27
right	/raɪt/	adv. 正好	NCE2 Lesson 27
rare	/reə(r)/	adj. 罕见的	NCE2 Lesson 28
ancient	/ˈeɪnʃənt/	adj. 古代的，古老的	NCE2 Lesson 28
myth	/mɪθ/	n. 神话故事	NCE2 Lesson 28
trouble	/ˈtrʌb(ə)l/	n. 麻烦	NCE2 Lesson 28
effect	/ɪˈfekt/	n. 结果，效果	NCE2 Lesson 28
Medusa	/mɪˈdjuːzə/	n. 美杜莎（古希腊神话中 3 位蛇发女怪这一）	NCE2 Lesson 28
Gorgon	/ˈɡɔːɡən/	n. （古希腊神话）3 位蛇发女怪之一（凡见其貌者都会变成石头）	NCE2 Lesson 28
taxi	/ˈtæksi/	n. 出租汽车	NCE2 Lesson 29
Pilatus Porter	/pɪˈleɪtəs ˈpɔrtər/	n. 皮勒特斯 波特（飞机名）	NCE2 Lesson 29
land	/lænd/	v. 着陆 (不及物)	NCE2 Lesson 29
plough	/plaʊ/	v. 耕地	NCE2 Lesson 29
lonely	/ˈləʊnli/	adj. 偏僻的, 人迹罕见的(地方)	NCE2 Lesson 29
Welsh	/welʃ/	adj. 威尔士的	NCE2 Lesson 29
roof	/ruːf/	n. 楼顶 (从外面看)	NCE2 Lesson 29
block	/blɒk/	n. 块, 一座大楼；v. 堵	NCE2 Lesson 29, NCE2 Lesson 47
flat	/flæt/	n. 公寓房	NCE2 Lesson 29
desert	/ˈdezət/	v. 废弃	NCE2 Lesson 29
polo	/ˈpəʊləʊ/	n. 水球	NCE2 Lesson 30
Wayle	/weil/	n. 威尔（河名）	NCE2 Lesson 30
cut	/kʌt/	v. 穿过	NCE2 Lesson 30
row	/rəʊ/	v. 划（船）	NCE2 Lesson 30
kick	/kɪk/	v. 踢	NCE2 Lesson 30
towards	/təˈwɔːdz/	prep. 朝，向；prep. 向，朝；接近	NCE2 Lesson 30, NCE2 Lesson 33
nearly	/ˈnɪəli/	adv. 几乎	NCE2 Lesson 30
sight	/saɪt/	n. 眼界，视域；v. 见到	NCE2 Lesson 30, NCE2 Lesson 82
retire	/rɪˈtaɪə(r)/	v. 退休	NCE2 Lesson 31
company	/ˈkʌmpəni/	n. 公司	NCE2 Lesson 31
bicycle	/ˈbaɪsɪk(ə)l/	n. 自行车	NCE2 Lesson 31
save	/seɪv/	v. 积蓄	NCE2 Lesson 31
workshop	/ˈwɜːkʃɒp/	n. 车间	NCE2 Lesson 31
helper	/ˈhelpə(r)/	n. 帮手，助手	NCE2 Lesson 31
employ	/ɪmˈplɔɪ/	v. 雇佣	NCE2 Lesson 31
grandson	/ˈɡrænsʌn/	n. 孙子	NCE2 Lesson 31
success	/səkˈses/	n. 成功	NCE2 Lesson 31
work	/wɜːk/	n. 工作	NCE2 Lesson 31
once	/wʌns/	adv. 曾经，以前	NCE2 Lesson 32
temptation	/tempˈteɪʃ(ə)n/	n. 诱惑	NCE2 Lesson 32
article	/ˈɑːtɪk(ə)l/	n. 物品，东西	NCE2 Lesson 32
wrap	/ræp/	v. 包裹	NCE2 Lesson 32
simply	/ˈsɪmpli/	adv. 仅仅	NCE2 Lesson 32
arrest	/əˈrest/	v. 逮捕	NCE2 Lesson 32
darkness	/ˈdɑːknəs/	n. 黑暗	NCE2 Lesson 33
explain	/ɪkˈspleɪn/	v. 解释，叙述	NCE2 Lesson 33
coast	/kəʊst/	n. 海滨	NCE2 Lesson 33
storm	/stɔːm/	n. 暴风雨	NCE2 Lesson 33
rock	/rɒk/	n. 岩石，礁石	NCE2 Lesson 33
shore	/ʃɔː(r)/	n. 海岸	NCE2 Lesson 33
light	/laɪt/	n. 灯光	NCE2 Lesson 33
ahead	/əˈhed/	adv. 在前面	NCE2 Lesson 33
cliff	/klɪf/	n. 峭壁	NCE2 Lesson 33
struggle	/ˈstrʌɡ(ə)l/	v. 挣扎	NCE2 Lesson 33
hospital	/ˈhɒspɪt(ə)l/	n. 医院	NCE2 Lesson 33
station	/ˈsteɪʃ(ə)n/	n. （警察）局	NCE2 Lesson 34
most	/məʊst/	adv. 相当，非常	NCE2 Lesson 34
while	/waɪl/	n. 一段时间	NCE2 Lesson 35
regret	/rɪˈɡret/	v. 后悔	NCE2 Lesson 35
far	/fɑː(r)/	adv. 非常	NCE2 Lesson 35
rush	/rʌʃ/	v. 冲	NCE2 Lesson 35
act	/ækt/	v. 行动	NCE2 Lesson 35
straight	/streɪt/	adv. 径直	NCE2 Lesson 35
fright	/fraɪt/	n. 害怕	NCE2 Lesson 35
battered	/ˈbætəd/	adj. 撞坏的	NCE2 Lesson 35
shortly	/ˈʃɔːtli/	adv. 很快，不久	NCE2 Lesson 35
afterwards	/ˈɑːftəwədz/	adv. 以后	NCE2 Lesson 35
record	/ˈrekɔːd/	n. 记录	NCE2 Lesson 36
strong	/strɒŋ/	adj. 强壮的	NCE2 Lesson 36
swimmer	/ˈswɪmə(r)/	n. 游泳运动员	NCE2 Lesson 36
succeed	/səkˈsiːd/	v. 成功	NCE2 Lesson 36
train	/treɪn/	v. 训练	NCE2 Lesson 36
anxiously	/ˈæŋkʃəsli/	adv. 焦急地	NCE2 Lesson 36
intend	/ɪnˈtend/	v. 打算	NCE2 Lesson 36
solid	/ˈsɒlɪd/	adj. 固体的，硬的	NCE2 Lesson 36
Olympic	/əˈlɪmpɪk/	adj. 奥林匹克的	NCE2 Lesson 37
hold	/həʊld/	v. 召开	NCE2 Lesson 37
government	/ˈɡʌvənmənt/	n. 政府	NCE2 Lesson 37
immense	/ɪˈmens/	adj. 巨大的	NCE2 Lesson 37
stadium	/ˈsteɪdiəm/	n. 露天体育场	NCE2 Lesson 37
standard	/ˈstændəd/	n. 标准	NCE2 Lesson 37
capital	/ˈkæpɪt(ə)l/	n. 首都	NCE2 Lesson 37
fantastic	/fænˈtæstɪk/	adj. 巨大的	NCE2 Lesson 37
design	/dɪˈzaɪn/	v. 设计	NCE2 Lesson 37
except	/ɪkˈsept/	prep. 除了	NCE2 Lesson 38
Mediterranean	/ˌmedɪtəˈreɪniən/	n. 地中海	NCE2 Lesson 38
continually	/kənˈtɪnjuəli/	adv. 不断地	NCE2 Lesson 38
bitterly	/ˈbɪtəli/	adv. 刺骨地	NCE2 Lesson 38
sunshine	/ˈsʌnʃaɪn/	n. 阳光	NCE2 Lesson 38
settle	/ˈset(ə)l/	v. 安顿	NCE2 Lesson 38
though	/ðəʊ/	conj. 虽然、尽管	NCE2 Lesson 38
operation	/ˌɒpəˈreɪʃ(ə)n/	n. 手术	NCE2 Lesson 39
successful	/səkˈsesf(ə)l/	adj. 成功的	NCE2 Lesson 39
following	/ˈfɒləʊɪŋ/	adj. 下一个	NCE2 Lesson 39
patient	/ˈpeɪʃ(ə)nt/	n. 病人	NCE2 Lesson 39
alone	/əˈləʊn/	adj. 独自的	NCE2 Lesson 39
exchange	/ɪksˈtʃeɪndʒ/	n. （电话的）交换台	NCE2 Lesson 39
inquire	/ɪnˈkwaɪə(r)/	v. 询问，打听	NCE2 Lesson 39
certain	/ˈsɜːt(ə)n/	adj. 某个	NCE2 Lesson 39
caller	/ˈkɔːlə(r)/	n. 打电话的人	NCE2 Lesson 39
relative	/ˈrelətɪv/	n. 亲戚	NCE2 Lesson 39
hostess	/ˈhəʊstəs/	n. 女主人	NCE2 Lesson 40
unsmiling	/ˌʌnˈsmaɪlɪŋ/	adj. 不笑的，严肃的	NCE2 Lesson 40
tight	/taɪt/	adj. 紧身的	NCE2 Lesson 40
fix	/fɪks/	v. 凝视	NCE2 Lesson 40
globe	/ɡləʊb/	n. 地球	NCE2 Lesson 40
despair	/dɪˈspeə(r)/	n. 绝望	NCE2 Lesson 40
rude	/ruːd/	adj. 无礼的	NCE2 Lesson 41
mirror	/ˈmɪrə(r)/	n. 镜子	NCE2 Lesson 41
hole	/həʊl/	n. 孔	NCE2 Lesson 41
remark	/rɪˈmɑːk/	v. 评说；n. 评论；言语	NCE2 Lesson 41, NCE2 Lesson 70
remind	/rɪˈmaɪnd/	v. 提醒	NCE2 Lesson 41
lighthouse	/ˈlaɪthaʊs/	n. 灯塔	NCE2 Lesson 41
market	/ˈmɑːkɪt/	n. 市场，集市	NCE2 Lesson 42
snake charmer	/ˈsneɪk tʃɑːmə(r)/	n. 玩蛇者（通常借音乐控制）	NCE2 Lesson 42
pipe	/paɪp/	n. （吹奏的）管乐器	NCE2 Lesson 42
tune	/tjuːn/	n. 曲调	NCE2 Lesson 42
glimpse	/ɡlɪmps/	n. 一瞥	NCE2 Lesson 42
snake	/sneɪk/	n. 蛇	NCE2 Lesson 42
movement	/ˈmuːvmənt/	n. 动作	NCE2 Lesson 42
continue	/kənˈtɪnjuː/	v. 继续	NCE2 Lesson 42
dance	/dɑːns/	v. 跳舞	NCE2 Lesson 42
obviously	/ˈɒbviəsli/	adv. 显然	NCE2 Lesson 42
difference	/ˈdɪfrəns/	n. 差别	NCE2 Lesson 42
Indian	/ˈɪndiən/	adj. 印度的	NCE2 Lesson 42
pole	/pəʊl/	n. （地球的）极	NCE2 Lesson 43
flight	/flaɪt/	n. 飞行	NCE2 Lesson 43
explorer	/ɪkˈsplɔːrə/	n. 探险家	NCE2 Lesson 43
lie	/laɪ/	v. 处于	NCE2 Lesson 43
serious	/ˈsɪəriəs/	adj. 严重的	NCE2 Lesson 43
point	/pɔɪnt/	n. 地点	NCE2 Lesson 43
seem	/siːm/	v. 似乎	NCE2 Lesson 43
crash	/kræʃ/	v. 坠毁	NCE2 Lesson 43
sack	/sæk/	n. 袋子	NCE2 Lesson 43
clear	/klɪə(r)/	v. 越过；adj. 无罪的，不亏心的	NCE2 Lesson 43, NCE2 Lesson 45
aircraft	/ˈeəkrɑːft/	n. 飞机	NCE2 Lesson 43
endless	/ˈendləs/	adj. 无尽的	NCE2 Lesson 43
plain	/pleɪn/	n. 平原	NCE2 Lesson 43
forest	/ˈfɒrɪst/	n. 森林	NCE2 Lesson 44
risk	/rɪsk/	n. 危险，冒险	NCE2 Lesson 44
picnic	/ˈpɪknɪk/	n. 野餐	NCE2 Lesson 44
edge	/edʒ/	n. 边缘	NCE2 Lesson 44
strap	/stræp/	n. 带，皮带	NCE2 Lesson 44
possession	/pəˈzeʃ(ə)n/	n. 所有	NCE2 Lesson 44
breath	/breθ/	n. 呼吸	NCE2 Lesson 44
contents	/ˈkɒntents/	n. （常用复数）内有的物品	NCE2 Lesson 44
mend	/mend/	v. 修理	NCE2 Lesson 44
conscience	/ˈkɒnʃəns/	n. 良心，道德心	NCE2 Lesson 45
wallet	/ˈwɒlɪt/	n. 皮夹，钱夹	NCE2 Lesson 45
savings	/ˈseɪvɪŋz/	n. 存款	NCE2 Lesson 45
villager	/ˈvɪlɪdʒə(r)/	n. 村民	NCE2 Lesson 45
per cent	/pə ˈsent/	prep. 百分之……	NCE2 Lesson 45
unload	/ˌʌnˈləʊd/	v. 卸（货）	NCE2 Lesson 46
extremely	/ɪkˈstriːmli/	adv. 非常，极其	NCE2 Lesson 46
occur	/əˈkɜː(r)/	v. 发生	NCE2 Lesson 46
astonish	/əˈstɒnɪʃ/	v. 使惊讶	NCE2 Lesson 46
pile	/paɪl/	n. 堆	NCE2 Lesson 46
woollen	/ˈwʊlən/	n. 羊毛的	NCE2 Lesson 46
goods	/ɡʊdz/	n. （常用复数）货物，商品	NCE2 Lesson 46
discover	/dɪˈskʌvə(r)/	v. 发现	NCE2 Lesson 46
admit	/ədˈmɪt/	v. 承认	NCE2 Lesson 46
confine	/kənˈfaɪn/	v. 关在（一个狭小的空间里）	NCE2 Lesson 46
normal	/ˈnɔːm(ə)l/	adj. 正常的，通常的	NCE2 Lesson 46
thirsty	/ˈθɜːsti/	adj. 贪杯的	NCE2 Lesson 47
ghost	/ɡəʊst/	n. 鬼魂	NCE2 Lesson 47
haunt	/hɔːnt/	v. （鬼）来访，闹鬼	NCE2 Lesson 47
furniture	/ˈfɜːnɪtʃə(r)/	n. 家具	NCE2 Lesson 47
whisky	/ˈwɪski/	n. 威士忌酒	NCE2 Lesson 47
suggest	/səˈdʒest/	v. 暗示；v. 提醒	NCE2 Lesson 47, NCE2 Lesson 87
shake	/ʃeɪk/	v. 摇动	NCE2 Lesson 47
accept	/əkˈsept/	v. 接受	NCE2 Lesson 47
pull	/pʊl/	v. 拔	NCE2 Lesson 48
cotton wool	/ˌkɒtn ˈwʊl/	n. 药棉	NCE2 Lesson 48
collect	/kəˈlekt/	v. 搜集	NCE2 Lesson 48
collection	/kəˈlekʃ(ə)n/	n. 收藏品，收集品	NCE2 Lesson 48
nod	/nɒd/	v. 点头	NCE2 Lesson 48
meanwhile	/ˈmiːnwaɪl/	adv. 同时	NCE2 Lesson 48
tired	/ˈtaɪəd/	adj. 厌烦的	NCE2 Lesson 49
real	/ˈriːəl/	adj. 真正的	NCE2 Lesson 49
owner	/ˈəʊnə(r)/	n. 主人	NCE2 Lesson 49
spring	/sprɪŋ/	n. 弹簧	NCE2 Lesson 49
mattress	/ˈmætrəs/	n. 床垫	NCE2 Lesson 49
gust	/ɡʌst/	n. 一阵风	NCE2 Lesson 49
sweep	/swiːp/	v. 扫，刮	NCE2 Lesson 49
courtyard	/ˈkɔːtjɑːd/	n. 院子	NCE2 Lesson 49
smash	/smæʃ/	v. 碰碎，摔碎	NCE2 Lesson 49
miraculously	/mɪˈrækjələsli/	adv. 奇迹般地	NCE2 Lesson 49
unhurt	/ʌnˈhɜːt/	adj. 没有受伤的	NCE2 Lesson 49
glance	/ɡlɑːns/	v. 扫视	NCE2 Lesson 49
promptly	/ˈprɒmptli/	adv. 迅速地	NCE2 Lesson 49
ride	/raɪd/	n. 旅行	NCE2 Lesson 50
excursion	/ɪkˈskɜːʃn/	n. 远足	NCE2 Lesson 50
conductor	/kənˈdʌktə(r)/	n. 售票员	NCE2 Lesson 50
view	/vjuː/	n. 景色	NCE2 Lesson 50
reward	/rɪˈwɔːd/	n. 报偿 v. 给奖赏	NCE2 Lesson 51
virtue	/ˈvɜːtʃuː/	n. 美德	NCE2 Lesson 51
diet	/ˈdaɪət/	n. 节食	NCE2 Lesson 51
forbid	/fəˈbɪd/	v. 禁止	NCE2 Lesson 51
hurriedly	/ˈhʌrɪdli/	adv. 匆忙地	NCE2 Lesson 51
embarrass	/ɪmˈbærəs/	v. 使尴尬	NCE2 Lesson 51
guiltily	/ˈɡɪltɪli/	adv. 内疚地	NCE2 Lesson 51
strict	/strɪkt/	adj. 严格的	NCE2 Lesson 51
occasionally	/əˈkeɪʒnəli/	adv. 偶尔地	NCE2 Lesson 51
temporarily	/ˈtemprərəli/	adv. 暂时地	NCE2 Lesson 52
inch	/ɪntʃ/	n. 英寸（度量单位）	NCE2 Lesson 52
space	/speɪs/	n. 空间	NCE2 Lesson 52, NCE2 Lesson 61
actually	/ˈæktʃuəli/	adv. 实际上	NCE2 Lesson 52
hot	/hɒt/	adj. 带电的，充电的	NCE2 Lesson 53
fireman	/ˈfaɪəmən/	n. 消防队员	NCE2 Lesson 53
cause	/kɔːz/	v. 引起 n. 原因	NCE2 Lesson 53
examine	/ɪɡˈzæmɪn/	v. 检查	NCE2 Lesson 53
accidentally	/ˌæksɪˈdentəli/	adv. 意外地，偶然地	NCE2 Lesson 53
remains	/rɪˈmeɪnz/	n. 尸体，残骸	NCE2 Lesson 53
wire	/ˈwaɪə(r)/	n. 电线	NCE2 Lesson 53
volt	/vəʊlt/	n. 伏特（电压单位）	NCE2 Lesson 53
power line	/ˈpaʊə laɪn/	n. 电力线	NCE2 Lesson 53
solve	/sɒlv/	v. 解决	NCE2 Lesson 53
mystery	/ˈmɪst(ə)ri/	n. 谜（无法接受地, 解释不了的）	NCE2 Lesson 53
snatch	/snætʃ/	v. 抓住	NCE2 Lesson 53
spark	/spɑːk/	n. 电火花	NCE2 Lesson 53
sticky	/ˈstɪki/	adj. 粘的	NCE2 Lesson 54
finger	/ˈfɪŋɡə(r)/	n. 手指	NCE2 Lesson 54
pie	/paɪ/	n. 馅饼	NCE2 Lesson 54
mix	/mɪks/	v. 混合，拌和	NCE2 Lesson 54
pastry	/ˈpeɪstri/	n. 面糊	NCE2 Lesson 54
annoying	/əˈnɔɪɪŋ/	adj. 恼人的	NCE2 Lesson 54
receiver	/rɪˈsiːvə(r)/	n. 电话的话筒	NCE2 Lesson 54
dismay	/dɪsˈmeɪ/	v. 失望，泄气；n. 沮丧	NCE2 Lesson 54, NCE2 Lesson 86
recognize	/ˈrekəɡnaɪz/	v. 认出，听出	NCE2 Lesson 54
persuade	/pəˈsweɪd/	v. 说服，劝说	NCE2 Lesson 54
mess	/mes/	n. 乱七八糟	NCE2 Lesson 54
doorknob	/ˈdɔːnɒb/	n. 门把手	NCE2 Lesson 54
register	/ˈredʒɪstə(r)/	v. 挂号邮寄	NCE2 Lesson 54
gold	/ɡəʊld/	n. 金子	NCE2 Lesson 55
mine	/maɪn/	n. 矿	NCE2 Lesson 55
treasure	/ˈtreʒə(r)/	n. 财宝	NCE2 Lesson 55
revealer	/rɪˈvi:lə/	n. 探测器	NCE2 Lesson 55
invent	/ɪnˈvent/	v. 发明	NCE2 Lesson 55
detect	/dɪˈtekt/	v. 探测	NCE2 Lesson 55
bury	/ˈberi/	v. 埋藏	NCE2 Lesson 55
cave	/keɪv/	n. 山洞	NCE2 Lesson 55
seashore	/ˈsiːʃɔː(r)/	n. 海岸	NCE2 Lesson 55
pirate	/ˈpaɪrət/	n. 海盗	NCE2 Lesson 55
arm	/ɑːm/	v. 武装	NCE2 Lesson 55
soil	/sɔɪl/	n. 泥土	NCE2 Lesson 55
entrance	/ˈentrəns/	n. 入口	NCE2 Lesson 55
finally	/ˈfaɪnəli/	adv. 最后	NCE2 Lesson 55
worthless	/ˈwɜːθləs/	adj. 毫无价值的	NCE2 Lesson 55
thoroughly	/ˈθʌrəli/	adv. 彻底地	NCE2 Lesson 55
trunk	/trʌŋk/	n. 行李箱；n. 树干	NCE2 Lesson 55, NCE2 Lesson 58
confident	/ˈkɒnfɪdənt/	adj. 有信心的	NCE2 Lesson 55
value	/ˈvæljuː/	n. 价值	NCE2 Lesson 55
sound	/saʊnd/	n. 声音	NCE2 Lesson 56
excitement	/ɪkˈsaɪtmənt/	n. 激动，兴奋	NCE2 Lesson 56
handsome	/ˈhænsəm/	adj. 漂亮的；美观的	NCE2 Lesson 56
Rolls-Royce	/ˌrəʊlz ˈrɔɪs/	n. 罗尔斯--罗伊斯	NCE2 Lesson 56
Benz	/benz/	n. 奔驰	NCE2 Lesson 56
wheel	/wiːl/	n. 轮子	NCE2 Lesson 56
explosion	/ɪkˈspləʊʒ(ə)n/	n. 爆炸，轰响	NCE2 Lesson 56
course	/kɔːs/	n. 跑道；行程	NCE2 Lesson 56
rival	/ˈraɪv(ə)l/	n. 对手	NCE2 Lesson 56
speed	/spiːd/	v. 疾驶	NCE2 Lesson 56
downhill	/ˌdaʊnˈhɪl/	adv. 下坡	NCE2 Lesson 56
madam	/ˈmædəm/	n. （对妇女的尊称）太太，夫人	NCE2 Lesson 57
jeans	/dʒiːnz/	n. 牛仔裤	NCE2 Lesson 57
hesitate	/ˈhezɪteɪt/	v. 犹豫，迟缓	NCE2 Lesson 57
serve	/sɜːv/	v. 接待（顾客）	NCE2 Lesson 57
scornfully	/ˈskɔːnfəli/	adv. 轻蔑地	NCE2 Lesson 57
punish	/ˈpʌnɪʃ/	v. 惩罚	NCE2 Lesson 57
fur	/fɜː(r)/	n. 裘皮	NCE2 Lesson 57
eager	/ˈiːɡə(r)/	adj. 热切的，热情的	NCE2 Lesson 57
blessing	/ˈblesɪŋ/	n. 福分，福气	NCE2 Lesson 58
disguise	/dɪsˈɡaɪz/	n. 伪装	NCE2 Lesson 58
tiny	/ˈtaɪni/	adj. 极小的	NCE2 Lesson 58
possess	/pəˈzes/	v. 拥有	NCE2 Lesson 58
cursed	/kɜːst/	adj. 可恨的	NCE2 Lesson 58
increase	/ɪnˈkriːs/	v. 增加	NCE2 Lesson 58
plant	/plɑːnt/	v. 种植；v. 安放	NCE2 Lesson 58, NCE2 Lesson 79
church	/tʃɜːtʃ/	n. 教堂	NCE2 Lesson 58
evil	/ˈiːv(ə)l/	adj. 坏的	NCE2 Lesson 58
reputation	/ˌrepjuˈteɪʃ(ə)n/	n. 名声	NCE2 Lesson 58
claim	/kleɪm/	v. 以…为其后果；v. 声称	NCE2 Lesson 58, NCE2 Lesson 82
victim	/ˈvɪktɪm/	n. 受害者，牺牲品	NCE2 Lesson 58
vicar	/ˈvɪkə(r)/	n. 教区牧师	NCE2 Lesson 58
source	/sɔːs/	n. 来源	NCE2 Lesson 58
income	/ˈɪnkʌm/	n. 收入	NCE2 Lesson 58
gain	/ɡeɪn/	v. 受益	NCE2 Lesson 58
bark	/bɑːk/	v. 狗叫	NCE2 Lesson 59
press	/pres/	v. 按，压；n. 新闻界	NCE2 Lesson 59, NCE2 Lesson 84
paw	/pɔː/	n. 脚爪	NCE2 Lesson 59
latch	/lætʃ/	n. 门闩	NCE2 Lesson 59
expert	/ˈekspɜːt/	n. 专家	NCE2 Lesson 59
develop	/dɪˈveləp/	v. 养成	NCE2 Lesson 59
habit	/ˈhæbɪt/	n. 习惯	NCE2 Lesson 59
remove	/rɪˈmuːv/	v. 拆掉，取下	NCE2 Lesson 59
future	/ˈfjuːtʃə(r)/	n. 未来，前途	NCE2 Lesson 60
fair	/feə(r)/	n. 集市	NCE2 Lesson 60
fortune-teller	/ˈfɔːtʃuːn telə(r)/	n. 算命人	NCE2 Lesson 60
crystal	/ˈkrɪst(ə)l/	n. 水晶	NCE2 Lesson 60
relation	/rɪˈleɪʃ(ə)n/	n. 亲属	NCE2 Lesson 60
impatiently	/ɪmˈpeɪʃntli/	adv. 不耐烦地	NCE2 Lesson 60
Hubble	/ˈhʌb(ə)l/	n. 哈勃	NCE2 Lesson 61
telescope	/ˈtelɪskəʊp/	n. 望远镜	NCE2 Lesson 61
launch	/lɔːntʃ/	v. 发射	NCE2 Lesson 61
NASA	/ˈnæsə/	n. (National Aeronautics and Space Administration) 国家航空和航天局	NCE2 Lesson 61
billion	/ˈbɪljən/	n. 10 亿	NCE2 Lesson 61
faulty	/ˈfɔːlti/	adj. 有错误的	NCE2 Lesson 61
astronaut	/ˈæstrənɔːt/	n. 宇航员	NCE2 Lesson 61
shuttle	/ˈʃʌt(ə)l/	n. 航天飞机	NCE2 Lesson 61
endeavour	/ɪnˈdevə(r)/	n. Endeavour “奋进”号	NCE2 Lesson 61
robot-arm	/'rəubɔt a:m/	n. 机器手	NCE2 Lesson 61
grab	/ɡræb/	v. 抓	NCE2 Lesson 61
atmosphere	/ˈætməsfɪə(r)/	n. 大气层	NCE2 Lesson 61
distant	/ˈdɪstənt/	adj. 遥远的	NCE2 Lesson 61
galaxy	/ˈɡæləksi/	n. 星系	NCE2 Lesson 61
universe	/ˈjuːnɪvɜːs/	n. 宇宙	NCE2 Lesson 61
eagle eye	/ˌiːɡl ˈaɪ/	n. 鹰眼	NCE2 Lesson 61
control	/kənˈtrəʊl/	n. 控制	NCE2 Lesson 62
smoke	/sməʊk/	n. 烟	NCE2 Lesson 62
desolate	/ˈdesələt/	adj. 荒凉的	NCE2 Lesson 62
threaten	/ˈθret(ə)n/	v. 威胁	NCE2 Lesson 62
surrounding	/səˈraʊndɪŋ/	adj. 周围的	NCE2 Lesson 62
destruction	/dɪˈstrʌkʃ(ə)n/	n. 破坏，毁灭	NCE2 Lesson 62
flood	/flʌd/	n. 洪水，水灾	NCE2 Lesson 62
authority	/ɔːˈθɒrəti/	n. （常用复数）当局	NCE2 Lesson 62
grass-seed	/'gra:s'si:d/	n. 草籽	NCE2 Lesson 62
spray	/spreɪ/	v. 喷撒	NCE2 Lesson 62
quantity	/ˈkwɒntəti/	n. 量	NCE2 Lesson 62
root	/ruːt/	n. 根	NCE2 Lesson 62
century	/ˈsentʃəri/	n. 世纪	NCE2 Lesson 62
patch	/pætʃ/	n. 小片	NCE2 Lesson 62
blacken	/ˈblækən/	v. 变黑，发暗	NCE2 Lesson 62
circle	/ˈsɜːk(ə)l/	n. 圈子	NCE2 Lesson 63
admire	/ədˈmaɪə(r)/	v. 赞美，钦佩	NCE2 Lesson 63
close	/kləʊz/	adj. 亲密的	NCE2 Lesson 63
wedding	/ˈwedɪŋ/	n. 婚礼	NCE2 Lesson 63
reception	/rɪˈsepʃ(ə)n/	n. 招待会	NCE2 Lesson 63
sort	/sɔːt/	n. 种类	NCE2 Lesson 63
tunnel	/ˈtʌn(ə)l/	n. 隧道	NCE2 Lesson 64
port	/pɔːt/	n. 港口	NCE2 Lesson 64
ventilate	/ˈventɪleɪt/	v. 通风	NCE2 Lesson 64
chimney	/ˈtʃɪmni/	n. 烟囱	NCE2 Lesson 64
sea level	/ˈsiː lev(ə)l/	n. 海平面	NCE2 Lesson 64
double	/ˈdʌb(ə)l/	adj. 双的	NCE2 Lesson 64
ventilation	/ˌventɪˈleɪʃn/	n. 通风	NCE2 Lesson 64
fear	/fɪə(r)/	v. 害怕	NCE2 Lesson 64
invasion	/ɪnˈveɪʒ(ə)n/	n. 入侵，侵略	NCE2 Lesson 64
officially	/əˈfɪʃəli/	adv. 正式地	NCE2 Lesson 64
connect	/kəˈnekt/	v. 连接	NCE2 Lesson 64
European	/ˌjʊərəˈpiːən/	adj. 欧洲的	NCE2 Lesson 64
continent	/ˈkɒntɪnənt/	n. 大陆	NCE2 Lesson 64
versus	/ˈvɜːsəs/	prep. V.S. 对 (对抗的概念)	NCE2 Lesson 65
Christmas	/ˈkrɪsməs/	n. 圣诞节	NCE2 Lesson 65
circus	/ˈsɜːkəs/	n. 马戏团	NCE2 Lesson 65
present	/ˈprez(ə)nt/	n. 礼物；adj. 目前的；v. 演出；adj. 出席，到场的；v. 赠送	NCE2 Lesson 65, NCE2 Lesson 76, NCE2 Lesson 89, NCE2 Lesson 93
accompany	/əˈkʌmpəni/	v. 陪伴, 随行	NCE2 Lesson 65
approach	/əˈprəʊtʃ/	v. 走近	NCE2 Lesson 65
ought	/ɔːt/	v. 应该	NCE2 Lesson 65
weigh	/weɪ/	v. 重	NCE2 Lesson 65
fortunate	/ˈfɔːtʃənət/	adj. 幸运的	NCE2 Lesson 65
Lancaster	/ˈlæŋkəstə(r)/	n. 兰开斯特	NCE2 Lesson 66
bomber	/ˈbɒmə(r)/	n. 轰炸机	NCE2 Lesson 66
remote	/rɪˈməʊt/	adj. 偏僻的	NCE2 Lesson 66
Pacific	/pəˈsɪfɪk/	n. 太平洋	NCE2 Lesson 66
wreck	/rek/	n. 残骸	NCE2 Lesson 66
rediscover	/ˌriːdɪˈskʌvə(r)/	v. 重新发现	NCE2 Lesson 66
aerial	/ˈeəriəl/	adj. 航空的	NCE2 Lesson 66
survey	/ˈsɜːveɪ/	n. 调查	NCE2 Lesson 66
rescue	/ˈreskjuː/	v. 营救（＝save）	NCE2 Lesson 66
package	/ˈpækɪdʒ/	v. 把……打包	NCE2 Lesson 66
enthusiast	/ɪnˈθjuːziæst/	n. 热心人	NCE2 Lesson 66
restore	/rɪˈstɔː(r)/	v. 修复（修并且复原,如对艺术品的修复）	NCE2 Lesson 66
imagine	/ɪˈmædʒɪn/	v. 想像	NCE2 Lesson 66
packing case	/ˈpækɪŋ keɪs/	n. 包装箱	NCE2 Lesson 66
colony	/ˈkɒləni/	n. 群	NCE2 Lesson 66
bee	/biː/	n. 蜂	NCE2 Lesson 66
hive	/haɪv/	n. 蜂房	NCE2 Lesson 66
preserve	/prɪˈzɜːv/	v. 保护	NCE2 Lesson 66
beeswax	/ˈbiːzwæks/	n. 蜂蜡	NCE2 Lesson 66
volcano	/vɒlˈkeɪnəʊ/	n. 火山	NCE2 Lesson 67
active	/ˈæktɪv/	adj. 活动的	NCE2 Lesson 67
Kivu	/'ki:vu:/	n. 基伍湖	NCE2 Lesson 67
congo	/ˈkɒŋɡəʊ/	n. 刚果	NCE2 Lesson 67
Kituro	/ki'tu:rəu/	n. 基图罗	NCE2 Lesson 67
erupt	/ɪˈrʌpt/	v. （火山）喷发	NCE2 Lesson 67
violently	/ˈvaɪələntli/	adv. 猛烈地，剧烈地	NCE2 Lesson 67
manage	/ˈmænɪdʒ/	v. 设法	NCE2 Lesson 67
brilliant	/ˈbrɪliənt/	adj. 精彩的	NCE2 Lesson 67
liquid	/ˈlɪkwɪd/	adj. 液态的；n. 液体	NCE2 Lesson 67
escape	/ɪˈskeɪp/	v. 逃脱	NCE2 Lesson 67
alive	/əˈlaɪv/	adj. 活着的	NCE2 Lesson 67
persistent	/pəˈsɪstənt/	adj. 坚持的，固执的	NCE2 Lesson 68
avoid	/əˈvɔɪd/	v. 避开	NCE2 Lesson 68
insist	/ɪnˈsɪst/	v. 坚持做	NCE2 Lesson 68
murder	/ˈmɜːdə(r)/	n. 谋杀	NCE2 Lesson 69
instruct	/ɪnˈstrʌkt/	v. 命令，指示；v. 指导，传授	NCE2 Lesson 69, NCE2 Lesson 94
acquire	/əˈkwaɪə(r)/	v. 取得，获得	NCE2 Lesson 69
confidence	/ˈkɒnfɪdəns/	n. 信心	NCE2 Lesson 69
examiner	/ɪɡˈzæmɪnə(r)/	n. 主考人	NCE2 Lesson 69
suppose	/səˈpəʊz/	v. 假设	NCE2 Lesson 69
tap	/tæp/	v. 轻敲	NCE2 Lesson 69
react	/riˈækt/	v. 反应	NCE2 Lesson 69
brake	/breɪk/	n. 刹车	NCE2 Lesson 69
pedal	/ˈped(ə)l/	n. 踏板	NCE2 Lesson 69
mournful	/ˈmɔːnf(ə)l/	adj. 悲哀的	NCE2 Lesson 69
bullfight	/ˈbʊlfaɪt/	n. 斗牛	NCE2 Lesson 70
drunk	/drʌŋk/	n. 醉汉	NCE2 Lesson 70
wander	/ˈwɒndə(r)/	v. 溜达，乱走	NCE2 Lesson 70
unaware	/ˌʌnəˈweə(r)/	adj. 不知道的，未觉察的	NCE2 Lesson 70
bull	/bʊl/	n. 公牛	NCE2 Lesson 70
matador	/ˈmætədɔː(r)/	n. 斗牛士	NCE2 Lesson 70
apparently	/əˈpærəntli/	adv. 明显地	NCE2 Lesson 70
sensitive	/ˈsensətɪv/	adj. 敏感的	NCE2 Lesson 70
criticism	/ˈkrɪtɪsɪzəm/	n. 批评	NCE2 Lesson 70
charge	/tʃɑːdʒ/	v. 冲上去	NCE2 Lesson 70
clumsily	/ˈklʌmzɪli/	adv. 笨拙地	NCE2 Lesson 70
bow	/bəʊ/	v. 鞠躬	NCE2 Lesson 70
safety	/ˈseɪfti/	n. 安全地带	NCE2 Lesson 70
sympathetically	/ˌsɪmpəˈθetɪkli/	adv. 同情地	NCE2 Lesson 70
parliament	/ˈpɑːləmənt/	n. 议会，国会	NCE2 Lesson 71
erect	/ɪˈrekt/	v. 建起	NCE2 Lesson 71
accurate	/ˈækjərət/	adj. 准确的	NCE2 Lesson 71
official	/əˈfɪʃ(ə)l/	n. 官员，行政人员	NCE2 Lesson 71
Greenwich	/ˈɡrenɪtʃ/	n. 格林尼治	NCE2 Lesson 71
observatory	/əbˈzɜːvətri/	n. 天文台	NCE2 Lesson 71
check	/tʃek/	v. 检查	NCE2 Lesson 71
microphone	/ˈmaɪkrəfəʊn/	n. 扩音器，麦克风	NCE2 Lesson 71
tower	/ˈtaʊə(r)/	v. 塔	NCE2 Lesson 71
racing	/ˈreɪsɪŋ/	n. 竞赛	NCE2 Lesson 72
per	/pə(r)/	prep. 每	NCE2 Lesson 72
Utah	/ˈjuːtɑː/	n. 犹他（美国州名）	NCE2 Lesson 72
horsepower	/ˈhɔːspaʊə(r)/	n. 马力	NCE2 Lesson 72
burst	/bɜːst/	v. 爆裂	NCE2 Lesson 72
average	/ˈævərɪdʒ/	adj. 平均的	NCE2 Lesson 72
footstep	/ˈfʊtstep/	n. 足迹	NCE2 Lesson 72
record-holder	/ˈrekɔːd həʊldə(r)/	n. 纪录保持者	NCE2 Lesson 73
truant	/ˈtruːənt/	n. 逃学的孩子	NCE2 Lesson 73
hitchhike	/ˈhɪtʃhaɪk/	v. 搭便车旅行	NCE2 Lesson 73
meantime	/ˈmiːntaɪm/	n. 其间	NCE2 Lesson 73
lorry	/ˈlɒri/	n. 卡车	NCE2 Lesson 73
border	/ˈbɔːdə(r)/	n. 边界	NCE2 Lesson 73
evade	/ɪˈveɪd/	v. 逃避，逃离	NCE2 Lesson 73
unimaginative	/ˌʌnɪˈmædʒɪnətɪv/	adj. 缺乏想像力的	NCE2 Lesson 73
shame	/ʃeɪm/	n. 惭愧，羞耻	NCE2 Lesson 73
limelight	/ˈlaɪmlaɪt/	n. 舞台灯光	NCE2 Lesson 74
precaution	/prɪˈkɔːʃ(ə)n/	n. 预防措施	NCE2 Lesson 74
fan	/fæn/	n. 狂热者，迷	NCE2 Lesson 74
shady	/ˈʃeɪdi/	adj. 遮荫的	NCE2 Lesson 74
sheriff	/ˈʃerɪf/	n. 司法长官	NCE2 Lesson 74
sneer	/snɪə(r)/	n. 冷笑	NCE2 Lesson 74
thick	/θɪk/	adj. 厚的	NCE2 Lesson 75
signal	/ˈsɪɡnəl/	n. 信号	NCE2 Lesson 75
stamp	/stæmp/	v. 跺，踩	NCE2 Lesson 75
helicopter	/ˈhelɪkɒptə(r)/	n. 直升飞机	NCE2 Lesson 75
scene	/siːn/	n. 现场	NCE2 Lesson 75
survivor	/səˈvaɪvə(r)/	n. 幸存者	NCE2 Lesson 75
fool	/fuːl/	n. 傻瓜	NCE2 Lesson 76
bulletin	/ˈbʊlətɪn/	n. 新闻简报	NCE2 Lesson 76
announcer	/əˈnaʊnsə(r)/	n. （电视、电台）播音员	NCE2 Lesson 76
macaroni	/ˌmækəˈrəʊni/	n. 通心面，空心面条	NCE2 Lesson 76
leading	/ˈliːdɪŋ/	adj. 主要的	NCE2 Lesson 76
grower	/ˈɡrəʊə(r)/	n. 种植者	NCE2 Lesson 76
splendid	/ˈsplendɪd/	adj. 极好的	NCE2 Lesson 76
stalk	/stɔːk/	n. 梗	NCE2 Lesson 76
thresh	/θreʃ/	v. 打（庄稼）	NCE2 Lesson 76
process	/ˈprəʊses/	v. 加工	NCE2 Lesson 76
Signor	/ˈsiːnjɔː(r)/	n. （意大利语）先生	NCE2 Lesson 76
champion	/ˈtʃæmpiən/	n. 冠军	NCE2 Lesson 76
studio	/ˈstjuːdiəʊ/	n. 播音室	NCE2 Lesson 76
mummy	/ˈmʌmi/	n. 木乃伊	NCE2 Lesson 77
Egyptian	/iˈdʒɪpʃn/	adj. 埃及的	NCE2 Lesson 77
temple	/ˈtemp(ə)l/	n. 庙	NCE2 Lesson 77
mark	/mɑːk/	n. 斑点	NCE2 Lesson 77
plate	/pleɪt/	n. （照相）底片	NCE2 Lesson 77
disease	/dɪˈziːz/	n. 疾病	NCE2 Lesson 77
last	/lɑːst/	v. 持续	NCE2 Lesson 77
prove	/pruːv/	v. 显示出	NCE2 Lesson 77
resin	/ˈrezɪn/	n. 树脂	NCE2 Lesson 77
skin	/skɪn/	n. 皮肤	NCE2 Lesson 77
section	/ˈsekʃ(ə)n/	n. 切片	NCE2 Lesson 77
figure	/ˈfɪɡə(r)/	n. （人的）体形；人像	NCE2 Lesson 77
normally	/ˈnɔːməli/	adv. 通常地	NCE2 Lesson 77
survive	/səˈvaɪv/	v. 幸免于	NCE2 Lesson 77
entitle	/ɪnˈtaɪt(ə)l/	v. 以……为名	NCE2 Lesson 78
calm	/kɑːm/	v. 使镇定	NCE2 Lesson 78
nerve	/nɜːv/	n. 神经	NCE2 Lesson 78
concentration	/ˌkɒns(ə)nˈtreɪʃ(ə)/	n. 集中，专心	NCE2 Lesson 78
suffer	/ˈsʌfə(r)/	v. 受苦，受害	NCE2 Lesson 78
symptom	/ˈsɪmptəm/	n. 症状	NCE2 Lesson 78
temper	/ˈtempə(r)/	n. 脾气	NCE2 Lesson 78
appetite	/ˈæpɪtaɪt/	n. 胃口，食欲	NCE2 Lesson 78
produce	/prəˈdjuːs/	v. 拿出	NCE2 Lesson 78
urge	/ɜːdʒ/	v. 力劝，怂恿	NCE2 Lesson 78
satisfaction	/ˌsætɪsˈfækʃ(ə)n/	n. 满意，满足	NCE2 Lesson 78
delighted	/dɪˈlaɪtɪd/	adj. 欣喜的	NCE2 Lesson 78
parent	/ˈpeərənt/	n. 父（母）亲	NCE2 Lesson 79
flight attendant	/ˈflaɪt əˈtendənt/	n. 空中乘务员	NCE2 Lesson 79
frightened	/ˈfraɪt(ə)nd/	adj. 害怕，担惊	NCE2 Lesson 79
curious	/ˈkjʊəriəs/	adj. 急于了解，好奇的	NCE2 Lesson 79
bomb	/bɒm/	n. 炸弹	NCE2 Lesson 79
palace	/ˈpæləs/	n. 宫殿	NCE2 Lesson 80
extraordinary	/ɪkˈstrɔːd(ə)n(ə)ri/	adj. 不平常的，非凡的	NCE2 Lesson 80
exhibition	/ˌeksɪˈbɪʃ(ə)n/	n. 展览	NCE2 Lesson 80
iron	/ˈaɪən/	n. 铁	NCE2 Lesson 80
various	/ˈveəriəs/	adj. 各种各样的	NCE2 Lesson 80
machinery	/məˈʃiːnəri/	n. 机器	NCE2 Lesson 80
display	/dɪˈspleɪ/	n. 展览	NCE2 Lesson 80
steam	/stiːm/	n. 蒸汽	NCE2 Lesson 80
profit	/ˈprɒfɪt/	n. 利润	NCE2 Lesson 80
college	/ˈkɒlɪdʒ/	n. 学院	NCE2 Lesson 80
prisoner	/ˈprɪz(ə)nə(r)/	n. 囚犯	NCE2 Lesson 81
bush	/bʊʃ/	n. 灌木丛	NCE2 Lesson 81
rapidly	/ˈræpɪdli/	adv. 迅速地	NCE2 Lesson 81
uniform	/ˈjuːnɪfɔːm/	n. 制服	NCE2 Lesson 81
rifle	/ˈraɪf(ə)l/	n. 来福枪，步枪	NCE2 Lesson 81
shoulder	/ˈʃəʊldə(r)/	n. 肩	NCE2 Lesson 81
march	/mɑːtʃ/	v. 行进	NCE2 Lesson 81
boldly	/ˈbəʊldli/	adj. 大胆地	NCE2 Lesson 81
blaze	/bleɪz/	v. 闪耀	NCE2 Lesson 81
salute	/səˈluːt/	v. 行礼	NCE2 Lesson 81
elderly	/ˈeldəli/	adj. 上了年纪的	NCE2 Lesson 81
grey	/ɡreɪ/	adj. 灰白的	NCE2 Lesson 81
sharp	/ʃɑːp/	adj. 猛烈的	NCE2 Lesson 81
blow	/bləʊ/	n. 打击	NCE2 Lesson 81
monster	/ˈmɒnstə(r)/	n. 怪物	NCE2 Lesson 82
sailor	/ˈseɪlə(r)/	n. 海员	NCE2 Lesson 82
creature	/ˈkriːtʃə(r)/	n. 动物，生物	NCE2 Lesson 82
peculiar	/pɪˈkjuːliə(r)/	adj. 奇怪，不寻常的	NCE2 Lesson 82
shining	/ˈʃaɪnɪŋ/	adj. 闪闪发光的	NCE2 Lesson 82
oarfish	/ˈɔːfɪʃ/	adj. 桨鱼	NCE2 Lesson 82
election	/ɪˈlekʃ(ə)n/	n. 选举	NCE2 Lesson 83
former	/ˈfɔːmə(r)/	n. 从前的	NCE2 Lesson 83
defeat	/dɪˈfiːt/	v. 打败	NCE2 Lesson 83
fanatical	/fəˈnætɪkl/	adj. 狂热的	NCE2 Lesson 83
opponent	/əˈpəʊnənt/	n. 反对者，对手	NCE2 Lesson 83
radical	/ˈrædɪk(ə)l/	adj. 激进的	NCE2 Lesson 83
progressive	/prəˈɡresɪv/	adj. 进步的	NCE2 Lesson 83
prefix	/ˈpriːfɪks/	adj. 前..⋯	NCE2 Lesson 83
suspicious	/səˈspɪʃəs/	adj. 怀疑的	NCE2 Lesson 83
strike	/straɪk/	n. 罢工	NCE2 Lesson 84
busman	/ˈbʌsmən/	n. 公共汽车司机	NCE2 Lesson 84
state	/steɪt/	v. 正式提出，宣布	NCE2 Lesson 84
agreement	/əˈɡriːmənt/	n. 协议	NCE2 Lesson 84
relieve	/rɪˈliːv/	v. 减轻	NCE2 Lesson 84
pressure	/ˈpreʃə(r)/	n. 压力，麻烦	NCE2 Lesson 84
extent	/ɪkˈstent/	n. 程度	NCE2 Lesson 84
volunteer	/ˌvɒlənˈtɪə(r)/	v. 自动提出，自愿	NCE2 Lesson 84
gratitude	/ˈɡrætɪtjuːd/	n. 感激	NCE2 Lesson 84
object	/ˈɒbdʒɪkt/	v. 不赞成，反对	NCE2 Lesson 84
inform	/ɪnˈfɔːm/	v. 告诉，通知	NCE2 Lesson 85
headmaster	/ˌhedˈmɑːstə(r)/	n. 校长	NCE2 Lesson 85
contribute	/kənˈtrɪbjuːt/	v. 捐助，援助	NCE2 Lesson 85
gift	/ɡɪft/	n. 礼物，赠品	NCE2 Lesson 85
album	/ˈælbəm/	n. 签名簿，相册	NCE2 Lesson 85
patience	/ˈpeɪʃ(ə)ns/	n. 耐心	NCE2 Lesson 85
encouragement	/ɪnˈkʌrɪdʒmənt/	n. 鼓励	NCE2 Lesson 85
farewell	/ˌfeəˈwel/	n. 告别	NCE2 Lesson 85
honour	/ˈɒnə(r)/	n. 敬意	NCE2 Lesson 85
coincidence	/kəʊˈɪnsɪdəns/	n. 巧合	NCE2 Lesson 85
total	/ˈtəʊt(ə)l/	n. 总数	NCE2 Lesson 85
devote	/dɪˈvəʊt/	v. 致力于	NCE2 Lesson 85
gardening	/ˈɡɑːdnɪŋ/	n. 园艺	NCE2 Lesson 85
hobby	/ˈhɒbi/	n. 爱好，嗜好	NCE2 Lesson 85
swing	/swɪŋ/	v. 转向	NCE2 Lesson 86
speedboat	/ˈspiːdbəʊt/	n. 快艇	NCE2 Lesson 86
desperately	/ˈdespərətli/	adv. 绝望地	NCE2 Lesson 86
companion	/kəmˈpænjən/	n. 同伙，伙伴	NCE2 Lesson 86
water ski	/ˈwɔːtə(r) skiː/	n. （由快艇牵引水橇）滑水	NCE2 Lesson 86
buoy	/bɔɪ/	n. 浮标	NCE2 Lesson 86
tremendous	/trəˈmendəs/	adj. 巨大的	NCE2 Lesson 86
petrol	/ˈpetrəl/	n. 汽油	NCE2 Lesson 86
drift	/drɪft/	v. 漂动，漂流；v. 漂流	NCE2 Lesson 86, NCE2 Lesson 96
gently	/ˈdʒentli/	adv. 缓慢地，轻轻地	NCE2 Lesson 86
alibi	/ˈæləbaɪ/	n. 不在犯罪现场	NCE2 Lesson 87
commit	/kəˈmɪt/	v. 犯（罪、错）	NCE2 Lesson 87
inspector	/ɪnˈspektə(r)/	n. 探长	NCE2 Lesson 87
employer	/ɪmˈplɔɪə(r)/	n. 雇主	NCE2 Lesson 87
confirm	/kənˈfɜːm/	v. 确认，证实	NCE2 Lesson 87
truth	/truːθ/	n. 真相	NCE2 Lesson 87
trap	/træp/	v. 陷入，使陷于困境	NCE2 Lesson 88
surface	/ˈsɜːfɪs/	n. 地面，表面	NCE2 Lesson 88
explosive	/ɪkˈspləʊsɪv/	n. 炸药	NCE2 Lesson 88
vibration	/vaɪˈbreɪʃ(ə)n/	n. 震动	NCE2 Lesson 88
collapse	/kəˈlæps/	v. 坍塌	NCE2 Lesson 88
drill	/drɪl/	v. 钻孔	NCE2 Lesson 88
capsule	/ˈkæpsjuːl/	n. 容器	NCE2 Lesson 88
layer	/ˈleɪə(r)/	n. 层	NCE2 Lesson 88
beneath	/bɪˈniːθ/	prep. 在......之下	NCE2 Lesson 88
lower	/ˈləʊə(r)/	v. 放下，降低	NCE2 Lesson 88
progress	/ˈprəʊɡres/	v. 进展，进行	NCE2 Lesson 88
smoothly	/ˈsmuːðli/	adv. 顺利地	NCE2 Lesson 88
slip	/slɪp/	n. 小错误	NCE2 Lesson 89
comedy	/ˈkɒmədi/	n. 喜剧	NCE2 Lesson 89
queue	/kjuː/	v. 排队	NCE2 Lesson 89
dull	/dʌl/	adj. 枯燥，无味	NCE2 Lesson 89
artiste	/ɑːˈtiːst/	n. 艺人	NCE2 Lesson 89
advertiser	/ˈædvətaɪzə(r)/	n. 报幕员	NCE2 Lesson 89
chip	/tʃɪp/	n. 油煎土豆片	NCE2 Lesson 90
overfish	/ˌəʊvəˈfɪʃ/	v. 过度捕捞	NCE2 Lesson 90
giant	/ˈdʒaɪənt/	adj. 巨大的	NCE2 Lesson 90
terrify	/ˈterɪfaɪ/	v. 吓，使恐怖	NCE2 Lesson 90
diver	/ˈdaɪvə(r)/	n. 潜水员	NCE2 Lesson 90
oil rig	/ˈɔɪl rɪɡ/	n. 石油钻塔	NCE2 Lesson 90
wit	/wɪt/	n. （复数）理智，头脑	NCE2 Lesson 90
cage	/keɪdʒ/	n. 笼	NCE2 Lesson 90
shark	/ʃɑːk/	n. 鲨鱼	NCE2 Lesson 90
whale	/weɪl/	n. 鲸	NCE2 Lesson 90
variety	/vəˈraɪəti/	n. 品种	NCE2 Lesson 90
cod	/kɒd/	n. 鳕	NCE2 Lesson 90
skate	/skeɪt/	n. 鳐	NCE2 Lesson 90
factor	/ˈfæktə(r)/	n. 因素	NCE2 Lesson 90
crew	/kruː/	n. 全体工作人员	NCE2 Lesson 90
special	/ˈspeʃ(ə)l/	adj. 特别的	NCE2 Lesson 90
balloon	/bəˈluːn/	n. 气球	NCE2 Lesson 91
royal	/ˈrɔɪəl/	adj. 皇家	NCE2 Lesson 91
spy	/spaɪ/	v. 侦察	NCE2 Lesson 91
track	/træk/	n. 轨迹，踪迹	NCE2 Lesson 91
binoculars	/bɪˈnɒkjələz/	n. 望远镱	NCE2 Lesson 91
fast	/fɑːst/	adv. 熟（睡）	NCE2 Lesson 92
ladder	/ˈlædə(r)/	n. 梯子	NCE2 Lesson 92
shed	/ʃed/	n. 棚子	NCE2 Lesson 92
sarcastic	/sɑːˈkæstɪk/	adj. 讽刺的，讥笑的	NCE2 Lesson 92
tone	/təʊn/	n. 语气，腔调	NCE2 Lesson 92
noble	/ˈnəʊb(ə)l/	adj. 高尚的，壮丽的	NCE2 Lesson 93
monument	/ˈmɒnjumənt/	n. 纪念碑	NCE2 Lesson 93
statue	/ˈstætʃuː/	n. 雕像	NCE2 Lesson 93
liberty	/ˈlɪbəti/	n. 自由	NCE2 Lesson 93
sculptor	/ˈskʌlptə(r)/	n. 雕刻家	NCE2 Lesson 93
actual	/ˈæktʃuəl/	adj. 实际的，真实的	NCE2 Lesson 93
copper	/ˈkɒpə(r)/	n. 铜	NCE2 Lesson 93
support	/səˈpɔːt/	v. 支持，支撑	NCE2 Lesson 93
framework	/ˈfreɪmwɜːk/	n. 构架，框架	NCE2 Lesson 93
transport	/ˈtrænspɔːt/	v. 运送	NCE2 Lesson 93
site	/saɪt/	n. 场地	NCE2 Lesson 93
pedestal	/ˈpedɪst(ə)l/	n. 底座	NCE2 Lesson 93
Los Angeles	/lɔ:s ˈeɪndʒəlz/	n. 洛杉矶	NCE2 Lesson 94
reluctant	/rɪˈlʌktənt/	adj. 勉强的，不愿意的	NCE2 Lesson 94
weight	/weɪt/	n. 重物	NCE2 Lesson 94
underwater	/ˌʌndəˈwɔːtə(r)/	adj. 水下的	NCE2 Lesson 94
tricycle	/ˈtraɪsɪk(ə)l/	n. 三轮车	NCE2 Lesson 94
compete	/kəmˈpiːt/	v. 比赛，对抗	NCE2 Lesson 94
yard	/jɑːd/	n. 码	NCE2 Lesson 94
gasp	/ɡɑːsp/	v. 喘气	NCE2 Lesson 94
fantasy	/ˈfæntəsi/	n. 幻想故事	NCE2 Lesson 95
ambassador	/æmˈbæsədə(r)/	n. 大使	NCE2 Lesson 95
Escalopia	/ɪˈklæmpsiə/	n. 艾斯卡罗比亚（虚构的国名）	NCE2 Lesson 95
frightful	/ˈfraɪtf(ə)l/	adj. 可怕的，令人吃惊的	NCE2 Lesson 95
fire extinguisher	/ˈfaɪər ɪkˈstɪŋɡwɪʃə(r)/	n. 灭火器	NCE2 Lesson 95
drily	/ˈdraɪli/	adv. 冷淡地，枯燥无味地	NCE2 Lesson 95
embassy	/ˈembəsi/	n. 大使馆	NCE2 Lesson 95
heaven	/ˈhev(ə)n/	n. 天，天堂	NCE2 Lesson 95
basement	/ˈbeɪsmənt/	n. 地下室	NCE2 Lesson 95
definitely	/ˈdefɪnətli/	adv. 肯定地	NCE2 Lesson 95
post	/pəʊst/	v. 派任	NCE2 Lesson 95
shot	/ʃɒt/	n. 子弹	NCE2 Lesson 95
aim	/eɪm/	n. 瞄准	NCE2 Lesson 95
festival	/ˈfestɪvl/	n. 节日	NCE2 Lesson 96
lantern	/ˈlæntən/	n. 灯笼	NCE2 Lesson 96
spectacle	/ˈspektək(ə)l/	n. 景象，壮观，场面	NCE2 Lesson 96
guide	/ɡaɪd/	v. 带领	NCE2 Lesson 96
